id,tamanho,tipo,tokens,eixo,etapa,eixo alvo,relevância esperada,nível esperado,relevância prevista,nível previsto,método,status,encaminhado,motivos,confiança JEV,margem relevância JEV,relevância correta,direção correta,nível exato,acerto,erro absoluto (níveis)
curto-simples-economic--2,curto,simples,50,economic,JEV,True,True,-2.0,True,-2.0,jev_ordinal,direcional,False,,1.0,1.0,True,True,True,True,0.0
curto-simples-economic--2,curto,simples,50,diplomatic,JEV,False,False,,False,,jev_ordinal,sem_evidencia,False,,0.99,1.0,True,,,True,
curto-simples-economic--2,curto,simples,50,state,JEV,False,False,,False,,jev_ordinal,sem_evidencia,False,,0.54,0.8200000000000001,True,,,True,
curto-simples-economic--2,curto,simples,50,society,JEV,False,False,,False,,jev_ordinal,sem_evidencia,False,,0.51,0.72,True,,,True,
curto-simples-economic--2,curto,simples,50,economic,cascata,True,True,-2.0,True,-2.0,jev_ordinal,direcional,False,,1.0,1.0,True,True,True,True,0.0
curto-simples-economic--2,curto,simples,50,diplomatic,cascata,False,False,,False,,jev_ordinal,sem_evidencia,False,,0.99,1.0,True,,,True,
curto-simples-economic--2,curto,simples,50,state,cascata,False,False,,False,,jev_ordinal,sem_evidencia,False,,0.54,0.8200000000000001,True,,,True,
curto-simples-economic--2,curto,simples,50,society,cascata,False,False,,False,,jev_ordinal,sem_evidencia,False,,0.51,0.72,True,,,True,
curto-simples-economic--1,curto,simples,36,economic,JEV,True,True,-1.0,True,-1.0,jev_ordinal,direcional,False,,1.0,0.98,True,True,True,True,0.0
curto-simples-economic--1,curto,simples,36,diplomatic,JEV,False,False,,False,,jev_ordinal,sem_evidencia,False,,1.0,1.0,True,,,True,
curto-simples-economic--1,curto,simples,36,state,JEV,False,False,,False,,jev_ordinal,sem_evidencia,False,,0.99,0.94,True,,,True,
curto-simples-economic--1,curto,simples,36,society,JEV,False,False,,False,,jev_ordinal,sem_evidencia,False,,0.96,0.98,True,,,True,
curto-simples-economic--1,curto,simples,36,economic,cascata,True,True,-1.0,True,-1.0,jev_ordinal,direcional,False,,1.0,0.98,True,True,True,True,0.0
curto-simples-economic--1,curto,simples,36,diplomatic,cascata,False,False,,False,,jev_ordinal,sem_evidencia,False,,1.0,1.0,True,,,True,
curto-simples-economic--1,curto,simples,36,state,cascata,False,False,,False,,jev_ordinal,sem_evidencia,False,,0.99,0.94,True,,,True,
curto-simples-economic--1,curto,simples,36,society,cascata,False,False,,False,,jev_ordinal,sem_evidencia,False,,0.96,0.98,True,,,True,
curto-simples-economic-+0,curto,simples,39,economic,JEV,True,,0.0,False,,jev_ordinal,sem_evidencia,False,,1.0,0.9199999999999999,True,True,True,True,
curto-simples-economic-+0,curto,simples,39,diplomatic,JEV,False,False,,False,,jev_ordinal,sem_evidencia,False,,1.0,1.0,True,,,True,
curto-simples-economic-+0,curto,simples,39,state,JEV,False,False,,False,,jev_ordinal,sem_evidencia,False,,1.0,1.0,True,,,True,
curto-simples-economic-+0,curto,simples,39,society,JEV,False,False,,False,,jev_ordinal,sem_evidencia,False,,1.0,1.0,True,,,True,
curto-simples-economic-+0,curto,simples,39,economic,cascata,True,,0.0,False,,jev_ordinal,sem_evidencia,False,,1.0,0.9199999999999999,True,True,True,True,
curto-simples-economic-+0,curto,simples,39,diplomatic,cascata,False,False,,False,,jev_ordinal,sem_evidencia,False,,1.0,1.0,True,,,True,
curto-simples-economic-+0,curto,simples,39,state,cascata,False,False,,False,,jev_ordinal,sem_evidencia,False,,1.0,1.0,True,,,True,
curto-simples-economic-+0,curto,simples,39,society,cascata,False,False,,False,,jev_ordinal,sem_evidencia,False,,1.0,1.0,True,,,True,
curto-simples-economic-+1,curto,simples,34,economic,JEV,True,True,1.0,True,1.0,jev_ordinal,direcional,False,,1.0,1.0,True,True,True,True,0.0
curto-simples-economic-+1,curto,simples,34,diplomatic,JEV,False,False,,False,,jev_ordinal,sem_evidencia,False,,1.0,1.0,True,,,True,
curto-simples-economic-+1,curto,simples,34,state,JEV,False,False,,False,,jev_ordinal,sem_evidencia,False,,0.99,1.0,True,,,True,
curto-simples-economic-+1,curto,simples,34,society,JEV,False,False,,False,,jev_ordinal,sem_evidencia,True,relevancia_ambigua,0.88,0.30000000000000004,True,,,True,
curto-simples-economic-+1,curto,simples,34,economic,cascata,True,True,1.0,True,1.0,jev_ordinal,direcional,False,,1.0,1.0,True,True,True,True,0.0
curto-simples-economic-+1,curto,simples,34,diplomatic,cascata,False,False,,False,,jev_ordinal,sem_evidencia,False,,1.0,1.0,True,,,True,
curto-simples-economic-+1,curto,simples,34,state,cascata,False,False,,False,,jev_ordinal,sem_evidencia,False,,0.99,1.0,True,,,True,
curto-simples-economic-+1,curto,simples,34,society,cascata,False,False,,False,,llm_ordinal,sem_evidencia,True,relevancia_ambigua,0.88,0.30000000000000004,True,,,True,
curto-simples-economic-+2,curto,simples,29,economic,JEV,True,True,2.0,True,2.0,jev_ordinal,direcional,False,,1.0,1.0,True,True,True,True,0.0
curto-simples-economic-+2,curto,simples,29,diplomatic,JEV,False,False,,False,,jev_ordinal,sem_evidencia,False,,0.81,0.98,True,,,True,
curto-simples-economic-+2,curto,simples,29,state,JEV,False,False,,True,-2.0,jev_ordinal,direcional,True,relevancia_ambigua; baixa_confianca_nivel,0.45,0.21999999999999997,False,,,False,
curto-simples-economic-+2,curto,simples,29,society,JEV,False,False,,False,,jev_ordinal,sem_evidencia,True,relevancia_ambigua,0.38,0.6000000000000001,True,,,True,
curto-simples-economic-+2,curto,simples,29,economic,cascata,True,True,2.0,True,2.0,jev_ordinal,direcional,False,,1.0,1.0,True,True,True,True,0.0
curto-simples-economic-+2,curto,simples,29,diplomatic,cascata,False,False,,False,,jev_ordinal,sem_evidencia,False,,0.81,0.98,True,,,True,
curto-simples-economic-+2,curto,simples,29,state,cascata,False,False,,True,-2.0,llm_ordinal,direcional,True,relevancia_ambigua; baixa_confianca_nivel,0.45,0.21999999999999997,False,,,False,
curto-simples-economic-+2,curto,simples,29,society,cascata,False,False,,False,,llm_ordinal,sem_evidencia,True,relevancia_ambigua,0.38,0.6000000000000001,True,,,True,
curto-simples-diplomatic--2,curto,simples,34,economic,JEV,False,False,,True,0.0,jev_ordinal,sem_posicao,True,relevancia_ambigua,0.51,0.21999999999999997,False,,,False,
curto-simples-diplomatic--2,curto,simples,34,diplomatic,JEV,True,True,-2.0,True,-2.0,jev_ordinal,direcional,False,,1.0,1.0,True,True,True,True,0.0
curto-simples-diplomatic--2,curto,simples,34,state,JEV,False,False,,False,,jev_ordinal,sem_evidencia,True,relevancia_ambigua,0.23,0.0,True,,,True,
curto-simples-diplomatic--2,curto,simples,34,society,JEV,False,False,,False,,jev_ordinal,sem_evidencia,False,,0.74,0.98,True,,,True,
curto-simples-diplomatic--2,curto,simples,34,economic,cascata,False,False,,True,-2.0,llm_ordinal,direcional,True,relevancia_ambigua,0.51,0.21999999999999997,False,,,False,
curto-simples-diplomatic--2,curto,simples,34,diplomatic,cascata,True,True,-2.0,True,-2.0,jev_ordinal,direcional,False,,1.0,1.0,True,True,True,True,0.0
curto-simples-diplomatic--2,curto,simples,34,state,cascata,False,False,,,,llm_ordinal,evidencia_nao_verificada,True,relevancia_ambigua,0.23,0.0,False,,,False,
curto-simples-diplomatic--2,curto,simples,34,society,cascata,False,False,,False,,jev_ordinal,sem_evidencia,False,,0.74,0.98,True,,,True,
curto-simples-diplomatic--1,curto,simples,31,economic,JEV,False,False,,True,0.0,jev_ordinal,sem_posicao,False,,0.71,0.96,False,,,False,
curto-simples-diplomatic--1,curto,simples,31,diplomatic,JEV,True,True,-1.0,True,-1.0,jev_ordinal,direcional,False,,1.0,1.0,True,True,True,True,0.0
curto-simples-diplomatic--1,curto,simples,31,state,JEV,False,False,,False,,jev_ordinal,sem_evidencia,False,,0.92,1.0,True,,,True,
curto-simples-diplomatic--1,curto,simples,31,society,JEV,False,False,,False,,jev_ordinal,sem_evidencia,False,,0.93,1.0,True,,,True,
curto-simples-diplomatic--1,curto,simples,31,economic,cascata,False,False,,True,0.0,jev_ordinal,sem_posicao,False,,0.71,0.96,False,,,False,
curto-simples-diplomatic--1,curto,simples,31,diplomatic,cascata,True,True,-1.0,True,-1.0,jev_ordinal,direcional,False,,1.0,1.0,True,True,True,True,0.0
curto-simples-diplomatic--1,curto,simples,31,state,cascata,False,False,,False,,jev_ordinal,sem_evidencia,False,,0.92,1.0,True,,,True,
curto-simples-diplomatic--1,curto,simples,31,society,cascata,False,False,,False,,jev_ordinal,sem_evidencia,False,,0.93,1.0,True,,,True,
curto-simples-diplomatic-+0,curto,simples,27,economic,JEV,False,False,,False,,jev_ordinal,sem_evidencia,False,,1.0,1.0,True,,,True,
curto-simples-diplomatic-+0,curto,simples,27,diplomatic,JEV,True,,0.0,True,0.0,jev_ordinal,sem_posicao,True,relevancia_ambigua,1.0,0.48,True,True,True,True,0.0
curto-simples-diplomatic-+0,curto,simples,27,state,JEV,False,False,,False,,jev_ordinal,sem_evidencia,False,,1.0,1.0,True,,,True,
curto-simples-diplomatic-+0,curto,simples,27,society,JEV,False,False,,False,,jev_ordinal,sem_evidencia,False,,1.0,1.0,True,,,True,
curto-simples-diplomatic-+0,curto,simples,27,economic,cascata,False,False,,False,,jev_ordinal,sem_evidencia,False,,1.0,1.0,True,,,True,
curto-simples-diplomatic-+0,curto,simples,27,diplomatic,cascata,True,,0.0,False,,llm_ordinal,sem_evidencia,True,relevancia_ambigua,1.0,0.48,True,True,True,True,
curto-simples-diplomatic-+0,curto,simples,27,state,cascata,False,False,,False,,jev_ordinal,sem_evidencia,False,,1.0,1.0,True,,,True,
curto-simples-diplomatic-+0,curto,simples,27,society,cascata,False,False,,False,,jev_ordinal,sem_evidencia,False,,1.0,1.0,True,,,True,
curto-simples-diplomatic-+1,curto,simples,28,economic,JEV,False,False,,False,,jev_ordinal,sem_evidencia,False,,1.0,1.0,True,,,True,
curto-simples-diplomatic-+1,curto,simples,28,diplomatic,JEV,True,True,1.0,True,1.0,jev_ordinal,direcional,False,,1.0,0.98,True,True,True,True,0.0
curto-simples-diplomatic-+1,curto,simples,28,state,JEV,False,False,,False,,jev_ordinal,sem_evidencia,False,,0.99,1.0,True,,,True,
curto-simples-diplomatic-+1,curto,simples,28,society,JEV,False,False,,True,0.0,jev_ordinal,sem_posicao,True,relevancia_ambigua,0.99,0.6799999999999999,False,,,False,
curto-simples-diplomatic-+1,curto,simples,28,economic,cascata,False,False,,False,,jev_ordinal,sem_evidencia,False,,1.0,1.0,True,,,True,
curto-simples-diplomatic-+1,curto,simples,28,diplomatic,cascata,True,True,1.0,True,1.0,jev_ordinal,direcional,False,,1.0,0.98,True,True,True,True,0.0
curto-simples-diplomatic-+1,curto,simples,28,state,cascata,False,False,,False,,jev_ordinal,sem_evidencia,False,,0.99,1.0,True,,,True,
curto-simples-diplomatic-+1,curto,simples,28,society,cascata,False,False,,False,,llm_ordinal,sem_evidencia,True,relevancia_ambigua,0.99,0.6799999999999999,True,,,True,
curto-simples-diplomatic-+2,curto,simples,34,economic,JEV,False,False,,False,,jev_ordinal,sem_evidencia,False,,0.95,1.0,True,,,True,
curto-simples-diplomatic-+2,curto,simples,34,diplomatic,JEV,True,True,2.0,True,2.0,jev_ordinal,direcional,False,,0.98,1.0,True,True,True,True,0.0
curto-simples-diplomatic-+2,curto,simples,34,state,JEV,False,False,,True,-2.0,jev_ordinal,direcional,True,baixa_confianca_nivel,0.37,0.8600000000000001,False,,,False,
curto-simples-diplomatic-+2,curto,simples,34,society,JEV,False,False,,False,,jev_ordinal,sem_evidencia,False,,0.33,0.98,True,,,True,
curto-simples-diplomatic-+2,curto,simples,34,economic,cascata,False,False,,False,,jev_ordinal,sem_evidencia,False,,0.95,1.0,True,,,True,
curto-simples-diplomatic-+2,curto,simples,34,diplomatic,cascata,True,True,2.0,True,2.0,jev_ordinal,direcional,False,,0.98,1.0,True,True,True,True,0.0
curto-simples-diplomatic-+2,curto,simples,34,state,cascata,False,False,,True,1.0,llm_ordinal,direcional,True,baixa_confianca_nivel,0.37,0.8600000000000001,False,,,False,
curto-simples-diplomatic-+2,curto,simples,34,society,cascata,False,False,,False,,jev_ordinal,sem_evidencia,False,,0.33,0.98,True,,,True,
curto-simples-state--2,curto,simples,31,economic,JEV,False,False,,False,,jev_ordinal,sem_evidencia,False,,0.98,1.0,True,,,True,
curto-simples-state--2,curto,simples,31,diplomatic,JEV,False,False,,False,,jev_ordinal,sem_evidencia,False,,0.93,1.0,True,,,True,
curto-simples-state--2,curto,simples,31,state,JEV,True,True,-2.0,True,-2.0,jev_ordinal,direcional,False,,0.94,1.0,True,True,True,True,0.0
curto-simples-state--2,curto,simples,31,society,JEV,False,False,,False,,jev_ordinal,sem_evidencia,False,,0.85,1.0,True,,,True,
curto-simples-state--2,curto,simples,31,economic,cascata,False,False,,False,,jev_ordinal,sem_evidencia,False,,0.98,1.0,True,,,True,
curto-simples-state--2,curto,simples,31,diplomatic,cascata,False,False,,False,,jev_ordinal,sem_evidencia,False,,0.93,1.0,True,,,True,
curto-simples-state--2,curto,simples,31,state,cascata,True,True,-2.0,True,-2.0,jev_ordinal,direcional,False,,0.94,1.0,True,True,True,True,0.0
curto-simples-state--2,curto,simples,31,society,cascata,False,False,,False,,jev_ordinal,sem_evidencia,False,,0.85,1.0,True,,,True,
curto-simples-state--1,curto,simples,32,economic,JEV,False,False,,False,,jev_ordinal,sem_evidencia,False,,0.97,0.94,True,,,True,
curto-simples-state--1,curto,simples,32,diplomatic,JEV,False,False,,False,,jev_ordinal,sem_evidencia,False,,0.81,1.0,True,,,True,
curto-simples-state--1,curto,simples,32,state,JEV,True,True,-1.0,True,-1.0,jev_ordinal,direcional,False,,1.0,1.0,True,True,True,True,0.0
curto-simples-state--1,curto,simples,32,society,JEV,False,False,,False,,jev_ordinal,sem_evidencia,False,,0.78,0.72,True,,,True,
curto-simples-state--1,curto,simples,32,economic,cascata,False,False,,False,,jev_ordinal,sem_evidencia,False,,0.97,0.94,True,,,True,
curto-simples-state--1,curto,simples,32,diplomatic,cascata,False,False,,False,,jev_ordinal,sem_evidencia,False,,0.81,1.0,True,,,True,
curto-simples-state--1,curto,simples,32,state,cascata,True,True,-1.0,True,-1.0,jev_ordinal,direcional,False,,1.0,1.0,True,True,True,True,0.0
curto-simples-state--1,curto,simples,32,society,cascata,False,False,,False,,jev_ordinal,sem_evidencia,False,,0.78,0.72,True,,,True,
curto-simples-state-+0,curto,simples,30,economic,JEV,False,False,,False,,jev_ordinal,sem_evidencia,False,,1.0,1.0,True,,,True,
curto-simples-state-+0,curto,simples,30,diplomatic,JEV,False,False,,False,,jev_ordinal,sem_evidencia,False,,1.0,1.0,True,,,True,
curto-simples-state-+0,curto,simples,30,state,JEV,True,,0.0,False,,jev_ordinal,sem_evidencia,False,,1.0,0.96,True,True,True,True,
curto-simples-state-+0,curto,simples,30,society,JEV,False,False,,False,,jev_ordinal,sem_evidencia,False,,1.0,0.98,True,,,True,
curto-simples-state-+0,curto,simples,30,economic,cascata,False,False,,False,,jev_ordinal,sem_evidencia,False,,1.0,1.0,True,,,True,
curto-simples-state-+0,curto,simples,30,diplomatic,cascata,False,False,,False,,jev_ordinal,sem_evidencia,False,,1.0,1.0,True,,,True,
curto-simples-state-+0,curto,simples,30,state,cascata,True,,0.0,False,,jev_ordinal,sem_evidencia,False,,1.0,0.96,True,True,True,True,
curto-simples-state-+0,curto,simples,30,society,cascata,False,False,,False,,jev_ordinal,sem_evidencia,False,,1.0,0.98,True,,,True,
curto-simples-state-+1,curto,simples,26,economic,JEV,False,False,,False,,jev_ordinal,sem_evidencia,True,relevancia_ambigua,0.99,0.08000000000000002,True,,,True,
curto-simples-state-+1,curto,simples,26,diplomatic,JEV,False,False,,False,,jev_ordinal,sem_evidencia,False,,1.0,1.0,True,,,True,
curto-simples-state-+1,curto,simples,26,state,JEV,True,True,1.0,True,1.0,jev_ordinal,direcional,True,relevancia_ambigua,0.98,0.36000000000000004,True,True,True,True,0.0
curto-simples-state-+1,curto,simples,26,society,JEV,False,False,,False,,jev_ordinal,sem_evidencia,True,relevancia_ambigua,0.91,0.5,True,,,True,
curto-simples-state-+1,curto,simples,26,economic,cascata,False,False,,False,,llm_ordinal,sem_evidencia,True,relevancia_ambigua,0.99,0.08000000000000002,True,,,True,
curto-simples-state-+1,curto,simples,26,diplomatic,cascata,False,False,,False,,jev_ordinal,sem_evidencia,False,,1.0,1.0,True,,,True,
curto-simples-state-+1,curto,simples,26,state,cascata,True,True,1.0,True,1.0,llm_ordinal,direcional,True,relevancia_ambigua,0.98,0.36000000000000004,True,True,True,True,0.0
curto-simples-state-+1,curto,simples,26,society,cascata,False,False,,False,,llm_ordinal,sem_evidencia,True,relevancia_ambigua,0.91,0.5,True,,,True,
curto-simples-state-+2,curto,simples,30,economic,JEV,False,False,,False,,jev_ordinal,sem_evidencia,False,,0.93,1.0,True,,,True,
curto-simples-state-+2,curto,simples,30,diplomatic,JEV,False,False,,False,,jev_ordinal,sem_evidencia,False,,0.99,1.0,True,,,True,
curto-simples-state-+2,curto,simples,30,state,JEV,True,True,2.0,True,2.0,jev_ordinal,direcional,False,,0.98,1.0,True,True,True,True,0.0
curto-simples-state-+2,curto,simples,30,society,JEV,False,False,,True,2.0,jev_ordinal,direcional,False,,0.6,0.78,False,,,False,
curto-simples-state-+2,curto,simples,30,economic,cascata,False,False,,False,,jev_ordinal,sem_evidencia,False,,0.93,1.0,True,,,True,
curto-simples-state-+2,curto,simples,30,diplomatic,cascata,False,False,,False,,jev_ordinal,sem_evidencia,False,,0.99,1.0,True,,,True,
curto-simples-state-+2,curto,simples,30,state,cascata,True,True,2.0,True,2.0,jev_ordinal,direcional,False,,0.98,1.0,True,True,True,True,0.0
curto-simples-state-+2,curto,simples,30,society,cascata,False,False,,True,2.0,jev_ordinal,direcional,False,,0.6,0.78,False,,,False,
curto-simples-society--2,curto,simples,28,economic,JEV,False,False,,False,,jev_ordinal,sem_evidencia,False,,1.0,0.98,True,,,True,
curto-simples-society--2,curto,simples,28,diplomatic,JEV,False,False,,False,,jev_ordinal,sem_evidencia,False,,0.85,1.0,True,,,True,
curto-simples-society--2,curto,simples,28,state,JEV,False,False,,True,-2.0,jev_ordinal,direcional,True,baixa_confianca_nivel,0.38,0.8,False,,,False,
curto-simples-society--2,curto,simples,28,society,JEV,True,True,-2.0,True,-2.0,jev_ordinal,direcional,False,,0.99,1.0,True,True,True,True,0.0
curto-simples-society--2,curto,simples,28,economic,cascata,False,False,,False,,jev_ordinal,sem_evidencia,False,,1.0,0.98,True,,,True,
curto-simples-society--2,curto,simples,28,diplomatic,cascata,False,False,,False,,jev_ordinal,sem_evidencia,False,,0.85,1.0,True,,,True,
curto-simples-society--2,curto,simples,28,state,cascata,False,False,,True,-2.0,llm_ordinal,direcional,True,baixa_confianca_nivel,0.38,0.8,False,,,False,
curto-simples-society--2,curto,simples,28,society,cascata,True,True,-2.0,True,-2.0,jev_ordinal,direcional,False,,0.99,1.0,True,True,True,True,0.0
curto-simples-society--1,curto,simples,28,economic,JEV,False,False,,True,0.0,jev_ordinal,sem_posicao,True,relevancia_ambigua,0.85,0.08000000000000002,False,,,False,
curto-simples-society--1,curto,simples,28,diplomatic,JEV,False,False,,False,,jev_ordinal,sem_evidencia,False,,0.95,1.0,True,,,True,
curto-simples-society--1,curto,simples,28,state,JEV,False,False,,False,,jev_ordinal,sem_evidencia,True,relevancia_ambigua,0.88,0.32,True,,,True,
curto-simples-society--1,curto,simples,28,society,JEV,True,True,-1.0,True,-1.0,jev_ordinal,direcional,False,,0.99,1.0,True,True,True,True,0.0
curto-simples-society--1,curto,simples,28,economic,cascata,False,False,,False,,llm_ordinal,sem_evidencia,True,relevancia_ambigua,0.85,0.08000000000000002,True,,,True,
curto-simples-society--1,curto,simples,28,diplomatic,cascata,False,False,,False,,jev_ordinal,sem_evidencia,False,,0.95,1.0,True,,,True,
curto-simples-society--1,curto,simples,28,state,cascata,False,False,,False,,llm_ordinal,sem_evidencia,True,relevancia_ambigua,0.88,0.32,True,,,True,
curto-simples-society--1,curto,simples,28,society,cascata,True,True,-1.0,True,-1.0,jev_ordinal,direcional,False,,0.99,1.0,True,True,True,True,0.0
curto-simples-society-+0,curto,simples,27,economic,JEV,False,False,,False,,jev_ordinal,sem_evidencia,False,,1.0,1.0,True,,,True,
curto-simples-society-+0,curto,simples,27,diplomatic,JEV,False,False,,False,,jev_ordinal,sem_evidencia,False,,1.0,1.0,True,,,True,
curto-simples-society-+0,curto,simples,27,state,JEV,False,False,,False,,jev_ordinal,sem_evidencia,False,,1.0,1.0,True,,,True,
curto-simples-society-+0,curto,simples,27,society,JEV,True,,0.0,False,,jev_ordinal,sem_evidencia,False,,1.0,0.8400000000000001,True,True,True,True,
curto-simples-society-+0,curto,simples,27,economic,cascata,False,False,,False,,jev_ordinal,sem_evidencia,False,,1.0,1.0,True,,,True,
curto-simples-society-+0,curto,simples,27,diplomatic,cascata,False,False,,False,,jev_ordinal,sem_evidencia,False,,1.0,1.0,True,,,True,
curto-simples-society-+0,curto,simples,27,state,cascata,False,False,,False,,jev_ordinal,sem_evidencia,False,,1.0,1.0,True,,,True,
curto-simples-society-+0,curto,simples,27,society,cascata,True,,0.0,False,,jev_ordinal,sem_evidencia,False,,1.0,0.8400000000000001,True,True,True,True,
curto-simples-society-+1,curto,simples,27,economic,JEV,False,False,,True,1.0,jev_ordinal,direcional,False,,0.92,0.8999999999999999,False,,,False,
curto-simples-society-+1,curto,simples,27,diplomatic,JEV,False,False,,False,,jev_ordinal,sem_evidencia,False,,0.98,1.0,True,,,True,
curto-simples-society-+1,curto,simples,27,state,JEV,False,False,,True,0.0,jev_ordinal,sem_posicao,True,relevancia_ambigua,0.55,0.43999999999999995,False,,,False,
curto-simples-society-+1,curto,simples,27,society,JEV,True,True,1.0,True,1.0,jev_ordinal,direcional,False,,0.98,0.76,True,True,True,True,0.0
curto-simples-society-+1,curto,simples,27,economic,cascata,False,False,,True,1.0,jev_ordinal,direcional,False,,0.92,0.8999999999999999,False,,,False,
curto-simples-society-+1,curto,simples,27,diplomatic,cascata,False,False,,False,,jev_ordinal,sem_evidencia,False,,0.98,1.0,True,,,True,
curto-simples-society-+1,curto,simples,27,state,cascata,False,False,,False,,llm_ordinal,sem_evidencia,True,relevancia_ambigua,0.55,0.43999999999999995,True,,,True,
curto-simples-society-+1,curto,simples,27,society,cascata,True,True,1.0,True,1.0,jev_ordinal,direcional,False,,0.98,0.76,True,True,True,True,0.0
curto-simples-society-+2,curto,simples,44,economic,JEV,False,False,,False,,jev_ordinal,sem_evidencia,False,,0.95,1.0,True,,,True,
curto-simples-society-+2,curto,simples,44,diplomatic,JEV,False,False,,False,,jev_ordinal,sem_evidencia,False,,0.98,1.0,True,,,True,
curto-simples-society-+2,curto,simples,44,state,JEV,False,False,,True,-2.0,jev_ordinal,direcional,True,baixa_confianca_nivel,0.0,0.94,False,,,False,
curto-simples-society-+2,curto,simples,44,society,JEV,True,True,2.0,True,2.0,jev_ordinal,direcional,False,,1.0,1.0,True,True,True,True,0.0
curto-simples-society-+2,curto,simples,44,economic,cascata,False,False,,False,,jev_ordinal,sem_evidencia,False,,0.95,1.0,True,,,True,
curto-simples-society-+2,curto,simples,44,diplomatic,cascata,False,False,,False,,jev_ordinal,sem_evidencia,False,,0.98,1.0,True,,,True,
curto-simples-society-+2,curto,simples,44,state,cascata,False,False,,True,-2.0,llm_ordinal,direcional,True,baixa_confianca_nivel,0.0,0.94,False,,,False,
curto-simples-society-+2,curto,simples,44,society,cascata,True,True,2.0,True,2.0,jev_ordinal,direcional,False,,1.0,1.0,True,True,True,True,0.0
curto-duplo-0-economic+2-society+1,curto,duplo,61,economic,JEV,True,True,2.0,True,1.0,jev_ordinal,direcional,False,,0.76,1.0,True,True,False,True,1.0
curto-duplo-0-economic+2-society+1,curto,duplo,61,diplomatic,JEV,False,False,,False,,jev_ordinal,sem_evidencia,False,,1.0,1.0,True,,,True,
curto-duplo-0-economic+2-society+1,curto,duplo,61,state,JEV,False,False,,True,1.0,jev_ordinal,direcional,False,,0.98,0.94,False,,,False,
curto-duplo-0-economic+2-society+1,curto,duplo,61,society,JEV,True,True,1.0,True,1.0,jev_ordinal,direcional,False,,0.6,0.98,True,True,True,True,0.0
curto-duplo-0-economic+2-society+1,curto,duplo,61,economic,cascata,True,True,2.0,True,1.0,jev_ordinal,direcional,False,,0.76,1.0,True,True,False,True,1.0
curto-duplo-0-economic+2-society+1,curto,duplo,61,diplomatic,cascata,False,False,,False,,jev_ordinal,sem_evidencia,False,,1.0,1.0,True,,,True,
curto-duplo-0-economic+2-society+1,curto,duplo,61,state,cascata,False,False,,True,1.0,jev_ordinal,direcional,False,,0.98,0.94,False,,,False,
curto-duplo-0-economic+2-society+1,curto,duplo,61,society,cascata,True,True,1.0,True,1.0,jev_ordinal,direcional,False,,0.6,0.98,True,True,True,True,0.0
curto-duplo-1-economic-1-state-2,curto,duplo,56,economic,JEV,True,True,-1.0,True,-1.0,jev_ordinal,direcional,False,,0.96,0.96,True,True,True,True,0.0
curto-duplo-1-economic-1-state-2,curto,duplo,56,diplomatic,JEV,False,False,,False,,jev_ordinal,sem_evidencia,False,,0.98,1.0,True,,,True,
curto-duplo-1-economic-1-state-2,curto,duplo,56,state,JEV,True,True,-2.0,True,-2.0,jev_ordinal,direcional,False,,0.93,1.0,True,True,True,True,0.0
curto-duplo-1-economic-1-state-2,curto,duplo,56,society,JEV,False,False,,True,0.0,jev_ordinal,sem_posicao,True,relevancia_ambigua,0.64,0.08000000000000002,False,,,False,
curto-duplo-1-economic-1-state-2,curto,duplo,56,economic,cascata,True,True,-1.0,True,-1.0,jev_ordinal,direcional,False,,0.96,0.96,True,True,True,True,0.0
curto-duplo-1-economic-1-state-2,curto,duplo,56,diplomatic,cascata,False,False,,False,,jev_ordinal,sem_evidencia,False,,0.98,1.0,True,,,True,
curto-duplo-1-economic-1-state-2,curto,duplo,56,state,cascata,True,True,-2.0,True,-2.0,jev_ordinal,direcional,False,,0.93,1.0,True,True,True,True,0.0
curto-duplo-1-economic-1-state-2,curto,duplo,56,society,cascata,False,False,,False,,llm_ordinal,sem_evidencia,True,relevancia_ambigua,0.64,0.08000000000000002,True,,,True,
curto-duplo-2-diplomatic-2-society-1,curto,duplo,51,economic,JEV,False,False,,False,,jev_ordinal,sem_evidencia,True,relevancia_ambigua,0.94,0.54,True,,,True,
curto-duplo-2-diplomatic-2-society-1,curto,duplo,51,diplomatic,JEV,True,True,-2.0,True,-2.0,jev_ordinal,direcional,False,,0.95,1.0,True,True,True,True,0.0
curto-duplo-2-diplomatic-2-society-1,curto,duplo,51,state,JEV,False,False,,False,,jev_ordinal,sem_evidencia,False,,0.84,0.96,True,,,True,
curto-duplo-2-diplomatic-2-society-1,curto,duplo,51,society,JEV,True,True,-1.0,True,-1.0,jev_ordinal,direcional,False,,0.71,0.9199999999999999,True,True,True,True,0.0
curto-duplo-2-diplomatic-2-society-1,curto,duplo,51,economic,cascata,False,False,,False,,llm_ordinal,sem_evidencia,True,relevancia_ambigua,0.94,0.54,True,,,True,
curto-duplo-2-diplomatic-2-society-1,curto,duplo,51,diplomatic,cascata,True,True,-2.0,True,-2.0,jev_ordinal,direcional,False,,0.95,1.0,True,True,True,True,0.0
curto-duplo-2-diplomatic-2-society-1,curto,duplo,51,state,cascata,False,False,,False,,jev_ordinal,sem_evidencia,False,,0.84,0.96,True,,,True,
curto-duplo-2-diplomatic-2-society-1,curto,duplo,51,society,cascata,True,True,-1.0,True,-1.0,jev_ordinal,direcional,False,,0.71,0.9199999999999999,True,True,True,True,0.0
curto-duplo-3-diplomatic+1-state+2,curto,duplo,63,economic,JEV,False,False,,False,,jev_ordinal,sem_evidencia,False,,0.98,0.98,True,,,True,
curto-duplo-3-diplomatic+1-state+2,curto,duplo,63,diplomatic,JEV,True,True,1.0,True,1.0,jev_ordinal,direcional,False,,0.85,0.96,True,True,True,True,0.0
curto-duplo-3-diplomatic+1-state+2,curto,duplo,63,state,JEV,True,True,2.0,True,2.0,jev_ordinal,direcional,False,,0.58,1.0,True,True,True,True,0.0
curto-duplo-3-diplomatic+1-state+2,curto,duplo,63,society,JEV,False,False,,True,1.0,jev_ordinal,direcional,True,relevancia_ambigua,0.65,0.6599999999999999,False,,,False,
curto-duplo-3-diplomatic+1-state+2,curto,duplo,63,economic,cascata,False,False,,False,,jev_ordinal,sem_evidencia,False,,0.98,0.98,True,,,True,
curto-duplo-3-diplomatic+1-state+2,curto,duplo,63,diplomatic,cascata,True,True,1.0,True,1.0,jev_ordinal,direcional,False,,0.85,0.96,True,True,True,True,0.0
curto-duplo-3-diplomatic+1-state+2,curto,duplo,63,state,cascata,True,True,2.0,True,2.0,jev_ordinal,direcional,False,,0.58,1.0,True,True,True,True,0.0
curto-duplo-3-diplomatic+1-state+2,curto,duplo,63,society,cascata,False,False,,False,,llm_ordinal,sem_evidencia,True,relevancia_ambigua,0.65,0.6599999999999999,True,,,True,
curto-duplo-4-state-1-society-2,curto,duplo,60,economic,JEV,False,False,,False,,jev_ordinal,sem_evidencia,True,relevancia_ambigua,0.95,0.37999999999999995,True,,,True,
curto-duplo-4-state-1-society-2,curto,duplo,60,diplomatic,JEV,False,False,,False,,jev_ordinal,sem_evidencia,False,,0.99,1.0,True,,,True,
curto-duplo-4-state-1-society-2,curto,duplo,60,state,JEV,True,True,-1.0,True,-1.0,jev_ordinal,direcional,False,,0.91,1.0,True,True,True,True,0.0
curto-duplo-4-state-1-society-2,curto,duplo,60,society,JEV,True,True,-2.0,True,-2.0,jev_ordinal,direcional,False,,0.63,1.0,True,True,True,True,0.0
curto-duplo-4-state-1-society-2,curto,duplo,60,economic,cascata,False,False,,False,,llm_ordinal,sem_evidencia,True,relevancia_ambigua,0.95,0.37999999999999995,True,,,True,
curto-duplo-4-state-1-society-2,curto,duplo,60,diplomatic,cascata,False,False,,False,,jev_ordinal,sem_evidencia,False,,0.99,1.0,True,,,True,
curto-duplo-4-state-1-society-2,curto,duplo,60,state,cascata,True,True,-1.0,True,-1.0,jev_ordinal,direcional,False,,0.91,1.0,True,True,True,True,0.0
curto-duplo-4-state-1-society-2,curto,duplo,60,society,cascata,True,True,-2.0,True,-2.0,jev_ordinal,direcional,False,,0.63,1.0,True,True,True,True,0.0
curto-duplo-5-economic+1-diplomatic-1,curto,duplo,55,economic,JEV,True,True,1.0,True,1.0,jev_ordinal,direcional,False,,0.91,0.98,True,True,True,True,0.0
curto-duplo-5-economic+1-diplomatic-1,curto,duplo,55,diplomatic,JEV,True,True,-1.0,True,-1.0,jev_ordinal,direcional,False,,0.94,0.98,True,True,True,True,0.0
curto-duplo-5-economic+1-diplomatic-1,curto,duplo,55,state,JEV,False,False,,True,-1.0,jev_ordinal,direcional,True,relevancia_ambigua,0.89,0.6200000000000001,False,,,False,
curto-duplo-5-economic+1-diplomatic-1,curto,duplo,55,society,JEV,False,False,,False,,jev_ordinal,sem_evidencia,True,relevancia_ambigua,0.94,0.5,True,,,True,
curto-duplo-5-economic+1-diplomatic-1,curto,duplo,55,economic,cascata,True,True,1.0,True,1.0,jev_ordinal,direcional,False,,0.91,0.98,True,True,True,True,0.0
curto-duplo-5-economic+1-diplomatic-1,curto,duplo,55,diplomatic,cascata,True,True,-1.0,True,-1.0,jev_ordinal,direcional,False,,0.94,0.98,True,True,True,True,0.0
curto-duplo-5-economic+1-diplomatic-1,curto,duplo,55,state,cascata,False,False,,True,-1.0,llm_ordinal,direcional,True,relevancia_ambigua,0.89,0.6200000000000001,False,,,False,
curto-duplo-5-economic+1-diplomatic-1,curto,duplo,55,society,cascata,False,False,,False,,llm_ordinal,sem_evidencia,True,relevancia_ambigua,0.94,0.5,True,,,True,
curto-duplo-6-state+1-economic-2,curto,duplo,64,economic,JEV,True,True,-2.0,True,-2.0,jev_ordinal,direcional,False,,0.96,1.0,True,True,True,True,0.0
curto-duplo-6-state+1-economic-2,curto,duplo,64,diplomatic,JEV,False,False,,False,,jev_ordinal,sem_evidencia,False,,0.99,1.0,True,,,True,
curto-duplo-6-state+1-economic-2,curto,duplo,64,state,JEV,True,True,1.0,True,1.0,jev_ordinal,direcional,False,,0.61,0.96,True,True,True,True,0.0
curto-duplo-6-state+1-economic-2,curto,duplo,64,society,JEV,False,False,,True,2.0,jev_ordinal,direcional,True,relevancia_ambigua,0.7,0.56,False,,,False,
curto-duplo-6-state+1-economic-2,curto,duplo,64,economic,cascata,True,True,-2.0,True,-2.0,jev_ordinal,direcional,False,,0.96,1.0,True,True,True,True,0.0
curto-duplo-6-state+1-economic-2,curto,duplo,64,diplomatic,cascata,False,False,,False,,jev_ordinal,sem_evidencia,False,,0.99,1.0,True,,,True,
curto-duplo-6-state+1-economic-2,curto,duplo,64,state,cascata,True,True,1.0,True,1.0,jev_ordinal,direcional,False,,0.61,0.96,True,True,True,True,0.0
curto-duplo-6-state+1-economic-2,curto,duplo,64,society,cascata,False,False,,False,,llm_ordinal,sem_evidencia,True,relevancia_ambigua,0.7,0.56,True,,,True,
curto-duplo-7-society+2-diplomatic+2,curto,duplo,61,economic,JEV,False,False,,False,,jev_ordinal,sem_evidencia,False,,0.96,1.0,True,,,True,
curto-duplo-7-society+2-diplomatic+2,curto,duplo,61,diplomatic,JEV,True,True,2.0,True,2.0,jev_ordinal,direcional,False,,1.0,1.0,True,True,True,True,0.0
curto-duplo-7-society+2-diplomatic+2,curto,duplo,61,state,JEV,False,False,,True,2.0,jev_ordinal,direcional,True,baixa_confianca_nivel,0.0,0.96,False,,,False,
curto-duplo-7-society+2-diplomatic+2,curto,duplo,61,society,JEV,True,True,2.0,True,2.0,jev_ordinal,direcional,False,,1.0,1.0,True,True,True,True,0.0
curto-duplo-7-society+2-diplomatic+2,curto,duplo,61,economic,cascata,False,False,,False,,jev_ordinal,sem_evidencia,False,,0.96,1.0,True,,,True,
curto-duplo-7-society+2-diplomatic+2,curto,duplo,61,diplomatic,cascata,True,True,2.0,True,2.0,jev_ordinal,direcional,False,,1.0,1.0,True,True,True,True,0.0
curto-duplo-7-society+2-diplomatic+2,curto,duplo,61,state,cascata,False,False,,True,1.0,llm_ordinal,direcional,True,baixa_confianca_nivel,0.0,0.96,False,,,False,
curto-duplo-7-society+2-diplomatic+2,curto,duplo,61,society,cascata,True,True,2.0,True,2.0,jev_ordinal,direcional,False,,1.0,1.0,True,True,True,True,0.0
curto-misto-economic,curto,misto,58,economic,JEV,True,True,0.0,True,-1.0,jev_ordinal,direcional,True,baixa_confianca_nivel; direcao_ambigua,0.19,1.0,True,False,False,False,1.0
curto-misto-economic,curto,misto,58,diplomatic,JEV,False,False,,False,,jev_ordinal,sem_evidencia,False,,1.0,1.0,True,,,True,
curto-misto-economic,curto,misto,58,state,JEV,False,False,,False,,jev_ordinal,sem_evidencia,False,,1.0,1.0,True,,,True,
curto-misto-economic,curto,misto,58,society,JEV,False,False,,False,,jev_ordinal,sem_evidencia,True,relevancia_ambigua,0.89,0.06000000000000005,True,,,True,
curto-misto-economic,curto,misto,58,economic,cascata,True,True,0.0,True,1.0,llm_ordinal,direcional,True,baixa_confianca_nivel; direcao_ambigua,0.19,1.0,True,False,False,False,1.0
curto-misto-economic,curto,misto,58,diplomatic,cascata,False,False,,False,,jev_ordinal,sem_evidencia,False,,1.0,1.0,True,,,True,
curto-misto-economic,curto,misto,58,state,cascata,False,False,,False,,jev_ordinal,sem_evidencia,False,,1.0,1.0,True,,,True,
curto-misto-economic,curto,misto,58,society,cascata,False,False,,False,,llm_ordinal,sem_evidencia,True,relevancia_ambigua,0.89,0.06000000000000005,True,,,True,
curto-misto-diplomatic,curto,misto,62,economic,JEV,False,False,,False,,jev_ordinal,sem_evidencia,False,,0.98,1.0,True,,,True,
curto-misto-diplomatic,curto,misto,62,diplomatic,JEV,True,True,0.0,True,0.0,jev_ordinal,sem_posicao,False,,0.65,1.0,True,True,True,True,0.0
curto-misto-diplomatic,curto,misto,62,state,JEV,False,False,,True,-1.0,jev_ordinal,direcional,False,,0.94,0.94,False,,,False,
curto-misto-diplomatic,curto,misto,62,society,JEV,False,False,,False,,jev_ordinal,sem_evidencia,True,relevancia_ambigua,0.86,0.37999999999999995,True,,,True,
curto-misto-diplomatic,curto,misto,62,economic,cascata,False,False,,False,,jev_ordinal,sem_evidencia,False,,0.98,1.0,True,,,True,
curto-misto-diplomatic,curto,misto,62,diplomatic,cascata,True,True,0.0,True,0.0,jev_ordinal,sem_posicao,False,,0.65,1.0,True,True,True,True,0.0
curto-misto-diplomatic,curto,misto,62,state,cascata,False,False,,True,-1.0,jev_ordinal,direcional,False,,0.94,0.94,False,,,False,
curto-misto-diplomatic,curto,misto,62,society,cascata,False,False,,False,,llm_ordinal,sem_evidencia,True,relevancia_ambigua,0.86,0.37999999999999995,True,,,True,
curto-misto-state,curto,misto,52,economic,JEV,False,False,,False,,jev_ordinal,sem_evidencia,False,,1.0,1.0,True,,,True,
curto-misto-state,curto,misto,52,diplomatic,JEV,False,False,,False,,jev_ordinal,sem_evidencia,False,,0.99,1.0,True,,,True,
curto-misto-state,curto,misto,52,state,JEV,True,True,0.0,True,-1.0,jev_ordinal,direcional,True,baixa_confianca_nivel,0.42,1.0,True,False,False,False,1.0
curto-misto-state,curto,misto,52,society,JEV,False,False,,False,,jev_ordinal,sem_evidencia,False,,0.79,0.76,True,,,True,
curto-misto-state,curto,misto,52,economic,cascata,False,False,,False,,jev_ordinal,sem_evidencia,False,,1.0,1.0,True,,,True,
curto-misto-state,curto,misto,52,diplomatic,cascata,False,False,,False,,jev_ordinal,sem_evidencia,False,,0.99,1.0,True,,,True,
curto-misto-state,curto,misto,52,state,cascata,True,True,0.0,True,1.0,llm_ordinal,direcional,True,baixa_confianca_nivel,0.42,1.0,True,False,False,False,1.0
curto-misto-state,curto,misto,52,society,cascata,False,False,,False,,jev_ordinal,sem_evidencia,False,,0.79,0.76,True,,,True,
curto-misto-society,curto,misto,44,economic,JEV,False,False,,True,0.0,jev_ordinal,sem_posicao,True,relevancia_ambigua,0.75,0.39999999999999997,False,,,False,
curto-misto-society,curto,misto,44,diplomatic,JEV,False,False,,False,,jev_ordinal,sem_evidencia,False,,0.99,1.0,True,,,True,
curto-misto-society,curto,misto,44,state,JEV,False,False,,True,1.0,jev_ordinal,direcional,False,,0.94,0.94,False,,,False,
curto-misto-society,curto,misto,44,society,JEV,True,True,0.0,True,1.0,jev_ordinal,direcional,False,,0.6,1.0,True,False,False,False,1.0
curto-misto-society,curto,misto,44,economic,cascata,False,False,,False,,llm_ordinal,sem_evidencia,True,relevancia_ambigua,0.75,0.39999999999999997,True,,,True,
curto-misto-society,curto,misto,44,diplomatic,cascata,False,False,,False,,jev_ordinal,sem_evidencia,False,,0.99,1.0,True,,,True,
curto-misto-society,curto,misto,44,state,cascata,False,False,,True,1.0,jev_ordinal,direcional,False,,0.94,0.94,False,,,False,
curto-misto-society,curto,misto,44,society,cascata,True,True,0.0,True,1.0,jev_ordinal,direcional,False,,0.6,1.0,True,False,False,False,1.0
curto-nenhum-0,curto,nenhum,52,economic,JEV,False,False,,False,,jev_ordinal,sem_evidencia,False,,1.0,1.0,True,,,True,
curto-nenhum-0,curto,nenhum,52,diplomatic,JEV,False,False,,False,,jev_ordinal,sem_evidencia,False,,1.0,1.0,True,,,True,
curto-nenhum-0,curto,nenhum,52,state,JEV,False,False,,False,,jev_ordinal,sem_evidencia,False,,1.0,1.0,True,,,True,
curto-nenhum-0,curto,nenhum,52,society,JEV,False,False,,False,,jev_ordinal,sem_evidencia,False,,1.0,1.0,True,,,True,
curto-nenhum-0,curto,nenhum,52,economic,cascata,False,False,,False,,jev_ordinal,sem_evidencia,False,,1.0,1.0,True,,,True,
curto-nenhum-0,curto,nenhum,52,diplomatic,cascata,False,False,,False,,jev_ordinal,sem_evidencia,False,,1.0,1.0,True,,,True,
curto-nenhum-0,curto,nenhum,52,state,cascata,False,False,,False,,jev_ordinal,sem_evidencia,False,,1.0,1.0,True,,,True,
curto-nenhum-0,curto,nenhum,52,society,cascata,False,False,,False,,jev_ordinal,sem_evidencia,False,,1.0,1.0,True,,,True,
curto-nenhum-1,curto,nenhum,42,economic,JEV,False,False,,False,,jev_ordinal,sem_evidencia,False,,1.0,1.0,True,,,True,
curto-nenhum-1,curto,nenhum,42,diplomatic,JEV,False,False,,False,,jev_ordinal,sem_evidencia,False,,1.0,1.0,True,,,True,
curto-nenhum-1,curto,nenhum,42,state,JEV,False,False,,False,,jev_ordinal,sem_evidencia,False,,1.0,1.0,True,,,True,
curto-nenhum-1,curto,nenhum,42,society,JEV,False,False,,False,,jev_ordinal,sem_evidencia,False,,1.0,1.0,True,,,True,
curto-nenhum-1,curto,nenhum,42,economic,cascata,False,False,,False,,jev_ordinal,sem_evidencia,False,,1.0,1.0,True,,,True,
curto-nenhum-1,curto,nenhum,42,diplomatic,cascata,False,False,,False,,jev_ordinal,sem_evidencia,False,,1.0,1.0,True,,,True,
curto-nenhum-1,curto,nenhum,42,state,cascata,False,False,,False,,jev_ordinal,sem_evidencia,False,,1.0,1.0,True,,,True,
curto-nenhum-1,curto,nenhum,42,society,cascata,False,False,,False,,jev_ordinal,sem_evidencia,False,,1.0,1.0,True,,,True,
curto-nenhum-2,curto,nenhum,35,economic,JEV,False,False,,False,,jev_ordinal,sem_evidencia,False,,1.0,1.0,True,,,True,
curto-nenhum-2,curto,nenhum,35,diplomatic,JEV,False,False,,False,,jev_ordinal,sem_evidencia,False,,1.0,1.0,True,,,True,
curto-nenhum-2,curto,nenhum,35,state,JEV,False,False,,False,,jev_ordinal,sem_evidencia,False,,1.0,1.0,True,,,True,
curto-nenhum-2,curto,nenhum,35,society,JEV,False,False,,False,,jev_ordinal,sem_evidencia,False,,1.0,1.0,True,,,True,
curto-nenhum-2,curto,nenhum,35,economic,cascata,False,False,,False,,jev_ordinal,sem_evidencia,False,,1.0,1.0,True,,,True,
curto-nenhum-2,curto,nenhum,35,diplomatic,cascata,False,False,,False,,jev_ordinal,sem_evidencia,False,,1.0,1.0,True,,,True,
curto-nenhum-2,curto,nenhum,35,state,cascata,False,False,,False,,jev_ordinal,sem_evidencia,False,,1.0,1.0,True,,,True,
curto-nenhum-2,curto,nenhum,35,society,cascata,False,False,,False,,jev_ordinal,sem_evidencia,False,,1.0,1.0,True,,,True,
curto-nenhum-3,curto,nenhum,38,economic,JEV,False,False,,False,,jev_ordinal,sem_evidencia,False,,1.0,1.0,True,,,True,
curto-nenhum-3,curto,nenhum,38,diplomatic,JEV,False,False,,False,,jev_ordinal,sem_evidencia,False,,1.0,1.0,True,,,True,
curto-nenhum-3,curto,nenhum,38,state,JEV,False,False,,False,,jev_ordinal,sem_evidencia,False,,1.0,1.0,True,,,True,
curto-nenhum-3,curto,nenhum,38,society,JEV,False,False,,False,,jev_ordinal,sem_evidencia,False,,1.0,1.0,True,,,True,
curto-nenhum-3,curto,nenhum,38,economic,cascata,False,False,,False,,jev_ordinal,sem_evidencia,False,,1.0,1.0,True,,,True,
curto-nenhum-3,curto,nenhum,38,diplomatic,cascata,False,False,,False,,jev_ordinal,sem_evidencia,False,,1.0,1.0,True,,,True,
curto-nenhum-3,curto,nenhum,38,state,cascata,False,False,,False,,jev_ordinal,sem_evidencia,False,,1.0,1.0,True,,,True,
curto-nenhum-3,curto,nenhum,38,society,cascata,False,False,,False,,jev_ordinal,sem_evidencia,False,,1.0,1.0,True,,,True,
medio-simples-economic--2,medio,simples,149,economic,JEV,True,True,-2.0,True,-2.0,jev_ordinal,direcional,False,,1.0,1.0,True,True,True,True,0.0
medio-simples-economic--2,medio,simples,149,diplomatic,JEV,False,False,,False,,jev_ordinal,sem_evidencia,False,,1.0,1.0,True,,,True,
medio-simples-economic--2,medio,simples,149,state,JEV,False,False,,False,,jev_ordinal,sem_evidencia,False,,0.55,0.8799999999999999,True,,,True,
medio-simples-economic--2,medio,simples,149,society,JEV,False,False,,False,,jev_ordinal,sem_evidencia,False,,0.27,0.9199999999999999,True,,,True,
medio-simples-economic--2,medio,simples,149,economic,cascata,True,True,-2.0,True,-2.0,jev_ordinal,direcional,False,,1.0,1.0,True,True,True,True,0.0
medio-simples-economic--2,medio,simples,149,diplomatic,cascata,False,False,,False,,jev_ordinal,sem_evidencia,False,,1.0,1.0,True,,,True,
medio-simples-economic--2,medio,simples,149,state,cascata,False,False,,False,,jev_ordinal,sem_evidencia,False,,0.55,0.8799999999999999,True,,,True,
medio-simples-economic--2,medio,simples,149,society,cascata,False,False,,False,,jev_ordinal,sem_evidencia,False,,0.27,0.9199999999999999,True,,,True,
medio-simples-economic--1,medio,simples,121,economic,JEV,True,True,-1.0,True,-1.0,jev_ordinal,direcional,False,,1.0,1.0,True,True,True,True,0.0
medio-simples-economic--1,medio,simples,121,diplomatic,JEV,False,False,,False,,jev_ordinal,sem_evidencia,False,,1.0,1.0,True,,,True,
medio-simples-economic--1,medio,simples,121,state,JEV,False,False,,False,,jev_ordinal,sem_evidencia,False,,0.98,0.98,True,,,True,
medio-simples-economic--1,medio,simples,121,society,JEV,False,False,,False,,jev_ordinal,sem_evidencia,False,,0.93,0.9199999999999999,True,,,True,
medio-simples-economic--1,medio,simples,121,economic,cascata,True,True,-1.0,True,-1.0,jev_ordinal,direcional,False,,1.0,1.0,True,True,True,True,0.0
medio-simples-economic--1,medio,simples,121,diplomatic,cascata,False,False,,False,,jev_ordinal,sem_evidencia,False,,1.0,1.0,True,,,True,
medio-simples-economic--1,medio,simples,121,state,cascata,False,False,,False,,jev_ordinal,sem_evidencia,False,,0.98,0.98,True,,,True,
medio-simples-economic--1,medio,simples,121,society,cascata,False,False,,False,,jev_ordinal,sem_evidencia,False,,0.93,0.9199999999999999,True,,,True,
medio-simples-economic-+0,medio,simples,118,economic,JEV,True,,0.0,False,,jev_ordinal,sem_evidencia,False,,1.0,0.78,True,True,True,True,
medio-simples-economic-+0,medio,simples,118,diplomatic,JEV,False,False,,False,,jev_ordinal,sem_evidencia,False,,1.0,1.0,True,,,True,
medio-simples-economic-+0,medio,simples,118,state,JEV,False,False,,False,,jev_ordinal,sem_evidencia,False,,1.0,1.0,True,,,True,
medio-simples-economic-+0,medio,simples,118,society,JEV,False,False,,False,,jev_ordinal,sem_evidencia,False,,1.0,1.0,True,,,True,
medio-simples-economic-+0,medio,simples,118,economic,cascata,True,,0.0,False,,jev_ordinal,sem_evidencia,False,,1.0,0.78,True,True,True,True,
medio-simples-economic-+0,medio,simples,118,diplomatic,cascata,False,False,,False,,jev_ordinal,sem_evidencia,False,,1.0,1.0,True,,,True,
medio-simples-economic-+0,medio,simples,118,state,cascata,False,False,,False,,jev_ordinal,sem_evidencia,False,,1.0,1.0,True,,,True,
medio-simples-economic-+0,medio,simples,118,society,cascata,False,False,,False,,jev_ordinal,sem_evidencia,False,,1.0,1.0,True,,,True,
medio-simples-economic-+1,medio,simples,119,economic,JEV,True,True,1.0,True,1.0,jev_ordinal,direcional,False,,1.0,1.0,True,True,True,True,0.0
medio-simples-economic-+1,medio,simples,119,diplomatic,JEV,False,False,,False,,jev_ordinal,sem_evidencia,False,,1.0,1.0,True,,,True,
medio-simples-economic-+1,medio,simples,119,state,JEV,False,False,,False,,jev_ordinal,sem_evidencia,False,,0.99,0.98,True,,,True,
medio-simples-economic-+1,medio,simples,119,society,JEV,False,False,,False,,jev_ordinal,sem_evidencia,True,relevancia_ambigua,0.88,0.12000000000000005,True,,,True,
medio-simples-economic-+1,medio,simples,119,economic,cascata,True,True,1.0,True,1.0,jev_ordinal,direcional,False,,1.0,1.0,True,True,True,True,0.0
medio-simples-economic-+1,medio,simples,119,diplomatic,cascata,False,False,,False,,jev_ordinal,sem_evidencia,False,,1.0,1.0,True,,,True,
medio-simples-economic-+1,medio,simples,119,state,cascata,False,False,,False,,jev_ordinal,sem_evidencia,False,,0.99,0.98,True,,,True,
medio-simples-economic-+1,medio,simples,119,society,cascata,False,False,,False,,llm_ordinal,sem_evidencia,True,relevancia_ambigua,0.88,0.12000000000000005,True,,,True,
medio-simples-economic-+2,medio,simples,115,economic,JEV,True,True,2.0,True,2.0,jev_ordinal,direcional,False,,1.0,1.0,True,True,True,True,0.0
medio-simples-economic-+2,medio,simples,115,diplomatic,JEV,False,False,,False,,jev_ordinal,sem_evidencia,False,,0.96,1.0,True,,,True,
medio-simples-economic-+2,medio,simples,115,state,JEV,False,False,,True,0.0,jev_ordinal,sem_posicao,True,relevancia_ambigua; baixa_confianca_nivel,0.28,0.18,False,,,False,
medio-simples-economic-+2,medio,simples,115,society,JEV,False,False,,True,2.0,jev_ordinal,direcional,True,relevancia_ambigua; baixa_confianca_nivel,0.39,0.10000000000000003,False,,,False,
medio-simples-economic-+2,medio,simples,115,economic,cascata,True,True,2.0,True,2.0,jev_ordinal,direcional,False,,1.0,1.0,True,True,True,True,0.0
medio-simples-economic-+2,medio,simples,115,diplomatic,cascata,False,False,,False,,jev_ordinal,sem_evidencia,False,,0.96,1.0,True,,,True,
medio-simples-economic-+2,medio,simples,115,state,cascata,False,False,,False,,llm_ordinal,sem_evidencia,True,relevancia_ambigua; baixa_confianca_nivel,0.28,0.18,True,,,True,
medio-simples-economic-+2,medio,simples,115,society,cascata,False,False,,False,,llm_ordinal,sem_evidencia,True,relevancia_ambigua; baixa_confianca_nivel,0.39,0.10000000000000003,True,,,True,
medio-simples-diplomatic--2,medio,simples,111,economic,JEV,False,False,,True,0.0,jev_ordinal,sem_posicao,False,,0.66,0.7,False,,,False,
medio-simples-diplomatic--2,medio,simples,111,diplomatic,JEV,True,True,-2.0,True,-2.0,jev_ordinal,direcional,False,,1.0,1.0,True,True,True,True,0.0
medio-simples-diplomatic--2,medio,simples,111,state,JEV,False,False,,False,,jev_ordinal,sem_evidencia,True,relevancia_ambigua,0.4,0.06000000000000005,True,,,True,
medio-simples-diplomatic--2,medio,simples,111,society,JEV,False,False,,False,,jev_ordinal,sem_evidencia,False,,0.91,0.9199999999999999,True,,,True,
medio-simples-diplomatic--2,medio,simples,111,economic,cascata,False,False,,True,0.0,jev_ordinal,sem_posicao,False,,0.66,0.7,False,,,False,
medio-simples-diplomatic--2,medio,simples,111,diplomatic,cascata,True,True,-2.0,True,-2.0,jev_ordinal,direcional,False,,1.0,1.0,True,True,True,True,0.0
medio-simples-diplomatic--2,medio,simples,111,state,cascata,False,False,,True,-2.0,llm_ordinal,direcional,True,relevancia_ambigua,0.4,0.06000000000000005,False,,,False,
medio-simples-diplomatic--2,medio,simples,111,society,cascata,False,False,,False,,jev_ordinal,sem_evidencia,False,,0.91,0.9199999999999999,True,,,True,
medio-simples-diplomatic--1,medio,simples,99,economic,JEV,False,False,,True,0.0,jev_ordinal,sem_posicao,False,,0.89,0.8400000000000001,False,,,False,
medio-simples-diplomatic--1,medio,simples,99,diplomatic,JEV,True,True,-1.0,True,-1.0,jev_ordinal,direcional,False,,1.0,1.0,True,True,True,True,0.0
medio-simples-diplomatic--1,medio,simples,99,state,JEV,False,False,,False,,jev_ordinal,sem_evidencia,False,,0.99,1.0,True,,,True,
medio-simples-diplomatic--1,medio,simples,99,society,JEV,False,False,,False,,jev_ordinal,sem_evidencia,False,,0.95,0.8799999999999999,True,,,True,
medio-simples-diplomatic--1,medio,simples,99,economic,cascata,False,False,,True,0.0,jev_ordinal,sem_posicao,False,,0.89,0.8400000000000001,False,,,False,
medio-simples-diplomatic--1,medio,simples,99,diplomatic,cascata,True,True,-1.0,True,-1.0,jev_ordinal,direcional,False,,1.0,1.0,True,True,True,True,0.0
medio-simples-diplomatic--1,medio,simples,99,state,cascata,False,False,,False,,jev_ordinal,sem_evidencia,False,,0.99,1.0,True,,,True,
medio-simples-diplomatic--1,medio,simples,99,society,cascata,False,False,,False,,jev_ordinal,sem_evidencia,False,,0.95,0.8799999999999999,True,,,True,
medio-simples-diplomatic-+0,medio,simples,92,economic,JEV,False,False,,False,,jev_ordinal,sem_evidencia,False,,1.0,1.0,True,,,True,
medio-simples-diplomatic-+0,medio,simples,92,diplomatic,JEV,True,,0.0,False,,jev_ordinal,sem_evidencia,True,relevancia_ambigua,1.0,0.19999999999999996,True,True,True,True,
medio-simples-diplomatic-+0,medio,simples,92,state,JEV,False,False,,False,,jev_ordinal,sem_evidencia,False,,1.0,1.0,True,,,True,
medio-simples-diplomatic-+0,medio,simples,92,society,JEV,False,False,,False,,jev_ordinal,sem_evidencia,False,,1.0,1.0,True,,,True,
medio-simples-diplomatic-+0,medio,simples,92,economic,cascata,False,False,,False,,jev_ordinal,sem_evidencia,False,,1.0,1.0,True,,,True,
medio-simples-diplomatic-+0,medio,simples,92,diplomatic,cascata,True,,0.0,False,,llm_ordinal,sem_evidencia,True,relevancia_ambigua,1.0,0.19999999999999996,True,True,True,True,
medio-simples-diplomatic-+0,medio,simples,92,state,cascata,False,False,,False,,jev_ordinal,sem_evidencia,False,,1.0,1.0,True,,,True,
medio-simples-diplomatic-+0,medio,simples,92,society,cascata,False,False,,False,,jev_ordinal,sem_evidencia,False,,1.0,1.0,True,,,True,
medio-simples-diplomatic-+1,medio,simples,96,economic,JEV,False,False,,False,,jev_ordinal,sem_evidencia,False,,1.0,1.0,True,,,True,
medio-simples-diplomatic-+1,medio,simples,96,diplomatic,JEV,True,True,1.0,True,1.0,jev_ordinal,direcional,False,,1.0,1.0,True,True,True,True,0.0
medio-simples-diplomatic-+1,medio,simples,96,state,JEV,False,False,,False,,jev_ordinal,sem_evidencia,False,,0.99,1.0,True,,,True,
medio-simples-diplomatic-+1,medio,simples,96,society,JEV,False,False,,True,0.0,jev_ordinal,sem_posicao,True,relevancia_ambigua,0.99,0.39999999999999997,False,,,False,
medio-simples-diplomatic-+1,medio,simples,96,economic,cascata,False,False,,False,,jev_ordinal,sem_evidencia,False,,1.0,1.0,True,,,True,
medio-simples-diplomatic-+1,medio,simples,96,diplomatic,cascata,True,True,1.0,True,1.0,jev_ordinal,direcional,False,,1.0,1.0,True,True,True,True,0.0
medio-simples-diplomatic-+1,medio,simples,96,state,cascata,False,False,,False,,jev_ordinal,sem_evidencia,False,,0.99,1.0,True,,,True,
medio-simples-diplomatic-+1,medio,simples,96,society,cascata,False,False,,False,,llm_ordinal,sem_evidencia,True,relevancia_ambigua,0.99,0.39999999999999997,True,,,True,
medio-simples-diplomatic-+2,medio,simples,110,economic,JEV,False,False,,True,0.0,jev_ordinal,sem_posicao,True,relevancia_ambigua,0.94,0.54,False,,,False,
medio-simples-diplomatic-+2,medio,simples,110,diplomatic,JEV,True,True,2.0,True,2.0,jev_ordinal,direcional,False,,1.0,1.0,True,True,True,True,0.0
medio-simples-diplomatic-+2,medio,simples,110,state,JEV,False,False,,True,-2.0,jev_ordinal,direcional,True,baixa_confianca_nivel,0.39,0.76,False,,,False,
medio-simples-diplomatic-+2,medio,simples,110,society,JEV,False,False,,False,,jev_ordinal,sem_evidencia,False,,0.18,0.8999999999999999,True,,,True,
medio-simples-diplomatic-+2,medio,simples,110,economic,cascata,False,False,,False,,llm_ordinal,sem_evidencia,True,relevancia_ambigua,0.94,0.54,True,,,True,
medio-simples-diplomatic-+2,medio,simples,110,diplomatic,cascata,True,True,2.0,True,2.0,jev_ordinal,direcional,False,,1.0,1.0,True,True,True,True,0.0
medio-simples-diplomatic-+2,medio,simples,110,state,cascata,False,False,,True,1.0,llm_ordinal,direcional,True,baixa_confianca_nivel,0.39,0.76,False,,,False,
medio-simples-diplomatic-+2,medio,simples,110,society,cascata,False,False,,False,,jev_ordinal,sem_evidencia,False,,0.18,0.8999999999999999,True,,,True,
medio-simples-state--2,medio,simples,108,economic,JEV,False,False,,False,,jev_ordinal,sem_evidencia,False,,1.0,1.0,True,,,True,
medio-simples-state--2,medio,simples,108,diplomatic,JEV,False,False,,False,,jev_ordinal,sem_evidencia,False,,0.96,1.0,True,,,True,
medio-simples-state--2,medio,simples,108,state,JEV,True,True,-2.0,True,-2.0,jev_ordinal,direcional,False,,0.97,1.0,True,True,True,True,0.0
medio-simples-state--2,medio,simples,108,society,JEV,False,False,,False,,jev_ordinal,sem_evidencia,False,,0.8,0.98,True,,,True,
medio-simples-state--2,medio,simples,108,economic,cascata,False,False,,False,,jev_ordinal,sem_evidencia,False,,1.0,1.0,True,,,True,
medio-simples-state--2,medio,simples,108,diplomatic,cascata,False,False,,False,,jev_ordinal,sem_evidencia,False,,0.96,1.0,True,,,True,
medio-simples-state--2,medio,simples,108,state,cascata,True,True,-2.0,True,-2.0,jev_ordinal,direcional,False,,0.97,1.0,True,True,True,True,0.0
medio-simples-state--2,medio,simples,108,society,cascata,False,False,,False,,jev_ordinal,sem_evidencia,False,,0.8,0.98,True,,,True,
medio-simples-state--1,medio,simples,99,economic,JEV,False,False,,False,,jev_ordinal,sem_evidencia,False,,0.99,0.96,True,,,True,
medio-simples-state--1,medio,simples,99,diplomatic,JEV,False,False,,False,,jev_ordinal,sem_evidencia,False,,0.91,1.0,True,,,True,
medio-simples-state--1,medio,simples,99,state,JEV,True,True,-1.0,True,-1.0,jev_ordinal,direcional,False,,1.0,0.98,True,True,True,True,0.0
medio-simples-state--1,medio,simples,99,society,JEV,False,False,,False,,jev_ordinal,sem_evidencia,True,relevancia_ambigua,0.89,0.06000000000000005,True,,,True,
medio-simples-state--1,medio,simples,99,economic,cascata,False,False,,False,,jev_ordinal,sem_evidencia,False,,0.99,0.96,True,,,True,
medio-simples-state--1,medio,simples,99,diplomatic,cascata,False,False,,False,,jev_ordinal,sem_evidencia,False,,0.91,1.0,True,,,True,
medio-simples-state--1,medio,simples,99,state,cascata,True,True,-1.0,True,-1.0,jev_ordinal,direcional,False,,1.0,0.98,True,True,True,True,0.0
medio-simples-state--1,medio,simples,99,society,cascata,False,False,,False,,llm_ordinal,sem_evidencia,True,relevancia_ambigua,0.89,0.06000000000000005,True,,,True,
medio-simples-state-+0,medio,simples,98,economic,JEV,False,False,,False,,jev_ordinal,sem_evidencia,False,,1.0,1.0,True,,,True,
medio-simples-state-+0,medio,simples,98,diplomatic,JEV,False,False,,False,,jev_ordinal,sem_evidencia,False,,1.0,1.0,True,,,True,
medio-simples-state-+0,medio,simples,98,state,JEV,True,,0.0,False,,jev_ordinal,sem_evidencia,False,,1.0,0.78,True,True,True,True,
medio-simples-state-+0,medio,simples,98,society,JEV,False,False,,False,,jev_ordinal,sem_evidencia,False,,1.0,0.98,True,,,True,
medio-simples-state-+0,medio,simples,98,economic,cascata,False,False,,False,,jev_ordinal,sem_evidencia,False,,1.0,1.0,True,,,True,
medio-simples-state-+0,medio,simples,98,diplomatic,cascata,False,False,,False,,jev_ordinal,sem_evidencia,False,,1.0,1.0,True,,,True,
medio-simples-state-+0,medio,simples,98,state,cascata,True,,0.0,False,,jev_ordinal,sem_evidencia,False,,1.0,0.78,True,True,True,True,
medio-simples-state-+0,medio,simples,98,society,cascata,False,False,,False,,jev_ordinal,sem_evidencia,False,,1.0,0.98,True,,,True,
medio-simples-state-+1,medio,simples,96,economic,JEV,False,False,,True,1.0,jev_ordinal,direcional,False,,0.8,0.8400000000000001,False,,,False,
medio-simples-state-+1,medio,simples,96,diplomatic,JEV,False,False,,False,,jev_ordinal,sem_evidencia,False,,1.0,1.0,True,,,True,
medio-simples-state-+1,medio,simples,96,state,JEV,True,True,1.0,True,1.0,jev_ordinal,direcional,False,,0.99,0.94,True,True,True,True,0.0
medio-simples-state-+1,medio,simples,96,society,JEV,False,False,,True,0.0,jev_ordinal,sem_posicao,True,relevancia_ambigua,0.68,0.06000000000000005,False,,,False,
medio-simples-state-+1,medio,simples,96,economic,cascata,False,False,,True,1.0,jev_ordinal,direcional,False,,0.8,0.8400000000000001,False,,,False,
medio-simples-state-+1,medio,simples,96,diplomatic,cascata,False,False,,False,,jev_ordinal,sem_evidencia,False,,1.0,1.0,True,,,True,
medio-simples-state-+1,medio,simples,96,state,cascata,True,True,1.0,True,1.0,jev_ordinal,direcional,False,,0.99,0.94,True,True,True,True,0.0
medio-simples-state-+1,medio,simples,96,society,cascata,False,False,,False,,llm_ordinal,sem_evidencia,True,relevancia_ambigua,0.68,0.06000000000000005,True,,,True,
medio-simples-state-+2,medio,simples,94,economic,JEV,False,False,,False,,jev_ordinal,sem_evidencia,False,,0.97,1.0,True,,,True,
medio-simples-state-+2,medio,simples,94,diplomatic,JEV,False,False,,False,,jev_ordinal,sem_evidencia,False,,0.98,1.0,True,,,True,
medio-simples-state-+2,medio,simples,94,state,JEV,True,True,2.0,True,2.0,jev_ordinal,direcional,False,,1.0,1.0,True,True,True,True,0.0
medio-simples-state-+2,medio,simples,94,society,JEV,False,False,,True,2.0,jev_ordinal,direcional,False,,0.93,0.74,False,,,False,
medio-simples-state-+2,medio,simples,94,economic,cascata,False,False,,False,,jev_ordinal,sem_evidencia,False,,0.97,1.0,True,,,True,
medio-simples-state-+2,medio,simples,94,diplomatic,cascata,False,False,,False,,jev_ordinal,sem_evidencia,False,,0.98,1.0,True,,,True,
medio-simples-state-+2,medio,simples,94,state,cascata,True,True,2.0,True,2.0,jev_ordinal,direcional,False,,1.0,1.0,True,True,True,True,0.0
medio-simples-state-+2,medio,simples,94,society,cascata,False,False,,True,2.0,jev_ordinal,direcional,False,,0.93,0.74,False,,,False,
medio-simples-society--2,medio,simples,98,economic,JEV,False,False,,False,,jev_ordinal,sem_evidencia,False,,1.0,1.0,True,,,True,
medio-simples-society--2,medio,simples,98,diplomatic,JEV,False,False,,False,,jev_ordinal,sem_evidencia,False,,0.93,1.0,True,,,True,
medio-simples-society--2,medio,simples,98,state,JEV,False,False,,True,-2.0,jev_ordinal,direcional,True,baixa_confianca_nivel,0.31,0.9199999999999999,False,,,False,
medio-simples-society--2,medio,simples,98,society,JEV,True,True,-2.0,True,-2.0,jev_ordinal,direcional,False,,0.95,1.0,True,True,True,True,0.0
medio-simples-society--2,medio,simples,98,economic,cascata,False,False,,False,,jev_ordinal,sem_evidencia,False,,1.0,1.0,True,,,True,
medio-simples-society--2,medio,simples,98,diplomatic,cascata,False,False,,False,,jev_ordinal,sem_evidencia,False,,0.93,1.0,True,,,True,
medio-simples-society--2,medio,simples,98,state,cascata,False,False,,True,-2.0,llm_ordinal,direcional,True,baixa_confianca_nivel,0.31,0.9199999999999999,False,,,False,
medio-simples-society--2,medio,simples,98,society,cascata,True,True,-2.0,True,-2.0,jev_ordinal,direcional,False,,0.95,1.0,True,True,True,True,0.0
medio-simples-society--1,medio,simples,98,economic,JEV,False,False,,False,,jev_ordinal,sem_evidencia,False,,0.98,0.8799999999999999,True,,,True,
medio-simples-society--1,medio,simples,98,diplomatic,JEV,False,False,,False,,jev_ordinal,sem_evidencia,False,,0.99,1.0,True,,,True,
medio-simples-society--1,medio,simples,98,state,JEV,False,False,,True,0.0,jev_ordinal,sem_posicao,True,relevancia_ambigua,0.59,0.5800000000000001,False,,,False,
medio-simples-society--1,medio,simples,98,society,JEV,True,True,-1.0,True,-1.0,jev_ordinal,direcional,False,,1.0,1.0,True,True,True,True,0.0
medio-simples-society--1,medio,simples,98,economic,cascata,False,False,,False,,jev_ordinal,sem_evidencia,False,,0.98,0.8799999999999999,True,,,True,
medio-simples-society--1,medio,simples,98,diplomatic,cascata,False,False,,False,,jev_ordinal,sem_evidencia,False,,0.99,1.0,True,,,True,
medio-simples-society--1,medio,simples,98,state,cascata,False,False,,False,,llm_ordinal,sem_evidencia,True,relevancia_ambigua,0.59,0.5800000000000001,True,,,True,
medio-simples-society--1,medio,simples,98,society,cascata,True,True,-1.0,True,-1.0,jev_ordinal,direcional,False,,1.0,1.0,True,True,True,True,0.0
medio-simples-society-+0,medio,simples,102,economic,JEV,False,False,,False,,jev_ordinal,sem_evidencia,False,,1.0,1.0,True,,,True,
medio-simples-society-+0,medio,simples,102,diplomatic,JEV,False,False,,False,,jev_ordinal,sem_evidencia,False,,1.0,1.0,True,,,True,
medio-simples-society-+0,medio,simples,102,state,JEV,False,False,,False,,jev_ordinal,sem_evidencia,False,,1.0,1.0,True,,,True,
medio-simples-society-+0,medio,simples,102,society,JEV,True,,0.0,True,0.0,jev_ordinal,sem_posicao,True,relevancia_ambigua,1.0,0.15999999999999998,True,True,True,True,0.0
medio-simples-society-+0,medio,simples,102,economic,cascata,False,False,,False,,jev_ordinal,sem_evidencia,False,,1.0,1.0,True,,,True,
medio-simples-society-+0,medio,simples,102,diplomatic,cascata,False,False,,False,,jev_ordinal,sem_evidencia,False,,1.0,1.0,True,,,True,
medio-simples-society-+0,medio,simples,102,state,cascata,False,False,,False,,jev_ordinal,sem_evidencia,False,,1.0,1.0,True,,,True,
medio-simples-society-+0,medio,simples,102,society,cascata,True,,0.0,False,,llm_ordinal,sem_evidencia,True,relevancia_ambigua,1.0,0.15999999999999998,True,True,True,True,
medio-simples-society-+1,medio,simples,97,economic,JEV,False,False,,True,0.0,jev_ordinal,sem_posicao,False,,0.6,0.7,False,,,False,
medio-simples-society-+1,medio,simples,97,diplomatic,JEV,False,False,,False,,jev_ordinal,sem_evidencia,False,,0.99,1.0,True,,,True,
medio-simples-society-+1,medio,simples,97,state,JEV,False,False,,True,0.0,jev_ordinal,sem_posicao,True,relevancia_ambigua,0.64,0.06000000000000005,False,,,False,
medio-simples-society-+1,medio,simples,97,society,JEV,True,True,1.0,True,1.0,jev_ordinal,direcional,False,,0.97,0.94,True,True,True,True,0.0
medio-simples-society-+1,medio,simples,97,economic,cascata,False,False,,True,0.0,jev_ordinal,sem_posicao,False,,0.6,0.7,False,,,False,
medio-simples-society-+1,medio,simples,97,diplomatic,cascata,False,False,,False,,jev_ordinal,sem_evidencia,False,,0.99,1.0,True,,,True,
medio-simples-society-+1,medio,simples,97,state,cascata,False,False,,False,,llm_ordinal,sem_evidencia,True,relevancia_ambigua,0.64,0.06000000000000005,True,,,True,
medio-simples-society-+1,medio,simples,97,society,cascata,True,True,1.0,True,1.0,jev_ordinal,direcional,False,,0.97,0.94,True,True,True,True,0.0
medio-simples-society-+2,medio,simples,127,economic,JEV,False,False,,False,,jev_ordinal,sem_evidencia,False,,0.99,1.0,True,,,True,
medio-simples-society-+2,medio,simples,127,diplomatic,JEV,False,False,,False,,jev_ordinal,sem_evidencia,False,,0.99,1.0,True,,,True,
medio-simples-society-+2,medio,simples,127,state,JEV,False,False,,True,1.0,jev_ordinal,direcional,True,baixa_confianca_nivel,0.18,1.0,False,,,False,
medio-simples-society-+2,medio,simples,127,society,JEV,True,True,2.0,True,2.0,jev_ordinal,direcional,False,,0.98,1.0,True,True,True,True,0.0
medio-simples-society-+2,medio,simples,127,economic,cascata,False,False,,False,,jev_ordinal,sem_evidencia,False,,0.99,1.0,True,,,True,
medio-simples-society-+2,medio,simples,127,diplomatic,cascata,False,False,,False,,jev_ordinal,sem_evidencia,False,,0.99,1.0,True,,,True,
medio-simples-society-+2,medio,simples,127,state,cascata,False,False,,True,1.0,llm_ordinal,direcional,True,baixa_confianca_nivel,0.18,1.0,False,,,False,
medio-simples-society-+2,medio,simples,127,society,cascata,True,True,2.0,True,2.0,jev_ordinal,direcional,False,,0.98,1.0,True,True,True,True,0.0
medio-duplo-0-economic+2-society+1,medio,duplo,112,economic,JEV,True,True,2.0,True,1.0,jev_ordinal,direcional,False,,0.86,1.0,True,True,False,True,1.0
medio-duplo-0-economic+2-society+1,medio,duplo,112,diplomatic,JEV,False,False,,False,,jev_ordinal,sem_evidencia,False,,1.0,1.0,True,,,True,
medio-duplo-0-economic+2-society+1,medio,duplo,112,state,JEV,False,False,,True,1.0,jev_ordinal,direcional,False,,0.98,0.8400000000000001,False,,,False,
medio-duplo-0-economic+2-society+1,medio,duplo,112,society,JEV,True,True,1.0,True,1.0,jev_ordinal,direcional,False,,0.86,0.94,True,True,True,True,0.0
medio-duplo-0-economic+2-society+1,medio,duplo,112,economic,cascata,True,True,2.0,True,1.0,jev_ordinal,direcional,False,,0.86,1.0,True,True,False,True,1.0
medio-duplo-0-economic+2-society+1,medio,duplo,112,diplomatic,cascata,False,False,,False,,jev_ordinal,sem_evidencia,False,,1.0,1.0,True,,,True,
medio-duplo-0-economic+2-society+1,medio,duplo,112,state,cascata,False,False,,True,1.0,jev_ordinal,direcional,False,,0.98,0.8400000000000001,False,,,False,
medio-duplo-0-economic+2-society+1,medio,duplo,112,society,cascata,True,True,1.0,True,1.0,jev_ordinal,direcional,False,,0.86,0.94,True,True,True,True,0.0
medio-duplo-1-economic-1-state-2,medio,duplo,110,economic,JEV,True,True,-1.0,True,-1.0,jev_ordinal,direcional,False,,0.93,0.9199999999999999,True,True,True,True,0.0
medio-duplo-1-economic-1-state-2,medio,duplo,110,diplomatic,JEV,False,False,,False,,jev_ordinal,sem_evidencia,False,,1.0,1.0,True,,,True,
medio-duplo-1-economic-1-state-2,medio,duplo,110,state,JEV,True,True,-2.0,True,-2.0,jev_ordinal,direcional,True,baixa_confianca_nivel,0.49,1.0,True,True,True,True,0.0
medio-duplo-1-economic-1-state-2,medio,duplo,110,society,JEV,False,False,,False,,jev_ordinal,sem_evidencia,True,relevancia_ambigua,0.85,0.15999999999999998,True,,,True,
medio-duplo-1-economic-1-state-2,medio,duplo,110,economic,cascata,True,True,-1.0,True,-1.0,jev_ordinal,direcional,False,,0.93,0.9199999999999999,True,True,True,True,0.0
medio-duplo-1-economic-1-state-2,medio,duplo,110,diplomatic,cascata,False,False,,False,,jev_ordinal,sem_evidencia,False,,1.0,1.0,True,,,True,
medio-duplo-1-economic-1-state-2,medio,duplo,110,state,cascata,True,True,-2.0,True,-2.0,llm_ordinal,direcional,True,baixa_confianca_nivel,0.49,1.0,True,True,True,True,0.0
medio-duplo-1-economic-1-state-2,medio,duplo,110,society,cascata,False,False,,False,,llm_ordinal,sem_evidencia,True,relevancia_ambigua,0.85,0.15999999999999998,True,,,True,
medio-duplo-2-diplomatic-2-society-1,medio,duplo,90,economic,JEV,False,False,,False,,jev_ordinal,sem_evidencia,True,relevancia_ambigua,0.96,0.5,True,,,True,
medio-duplo-2-diplomatic-2-society-1,medio,duplo,90,diplomatic,JEV,True,True,-2.0,True,-2.0,jev_ordinal,direcional,False,,0.87,1.0,True,True,True,True,0.0
medio-duplo-2-diplomatic-2-society-1,medio,duplo,90,state,JEV,False,False,,False,,jev_ordinal,sem_evidencia,False,,0.84,0.8400000000000001,True,,,True,
medio-duplo-2-diplomatic-2-society-1,medio,duplo,90,society,JEV,True,True,-1.0,True,-1.0,jev_ordinal,direcional,False,,0.79,0.8,True,True,True,True,0.0
medio-duplo-2-diplomatic-2-society-1,medio,duplo,90,economic,cascata,False,False,,False,,llm_ordinal,sem_evidencia,True,relevancia_ambigua,0.96,0.5,True,,,True,
medio-duplo-2-diplomatic-2-society-1,medio,duplo,90,diplomatic,cascata,True,True,-2.0,True,-2.0,jev_ordinal,direcional,False,,0.87,1.0,True,True,True,True,0.0
medio-duplo-2-diplomatic-2-society-1,medio,duplo,90,state,cascata,False,False,,False,,jev_ordinal,sem_evidencia,False,,0.84,0.8400000000000001,True,,,True,
medio-duplo-2-diplomatic-2-society-1,medio,duplo,90,society,cascata,True,True,-1.0,True,-1.0,jev_ordinal,direcional,False,,0.79,0.8,True,True,True,True,0.0
medio-duplo-3-diplomatic+1-state+2,medio,duplo,109,economic,JEV,False,False,,False,,jev_ordinal,sem_evidencia,False,,0.97,0.96,True,,,True,
medio-duplo-3-diplomatic+1-state+2,medio,duplo,109,diplomatic,JEV,True,True,1.0,True,1.0,jev_ordinal,direcional,False,,0.67,0.8999999999999999,True,True,True,True,0.0
medio-duplo-3-diplomatic+1-state+2,medio,duplo,109,state,JEV,True,True,2.0,True,2.0,jev_ordinal,direcional,False,,0.5,0.98,True,True,True,True,0.0
medio-duplo-3-diplomatic+1-state+2,medio,duplo,109,society,JEV,False,False,,True,1.0,jev_ordinal,direcional,True,relevancia_ambigua,0.68,0.5,False,,,False,
medio-duplo-3-diplomatic+1-state+2,medio,duplo,109,economic,cascata,False,False,,False,,jev_ordinal,sem_evidencia,False,,0.97,0.96,True,,,True,
medio-duplo-3-diplomatic+1-state+2,medio,duplo,109,diplomatic,cascata,True,True,1.0,True,1.0,jev_ordinal,direcional,False,,0.67,0.8999999999999999,True,True,True,True,0.0
medio-duplo-3-diplomatic+1-state+2,medio,duplo,109,state,cascata,True,True,2.0,True,2.0,jev_ordinal,direcional,False,,0.5,0.98,True,True,True,True,0.0
medio-duplo-3-diplomatic+1-state+2,medio,duplo,109,society,cascata,False,False,,False,,llm_ordinal,sem_evidencia,True,relevancia_ambigua,0.68,0.5,True,,,True,
medio-duplo-4-state-1-society-2,medio,duplo,99,economic,JEV,False,False,,False,,jev_ordinal,sem_evidencia,True,relevancia_ambigua,0.95,0.5,True,,,True,
medio-duplo-4-state-1-society-2,medio,duplo,99,diplomatic,JEV,False,False,,False,,jev_ordinal,sem_evidencia,False,,0.99,1.0,True,,,True,
medio-duplo-4-state-1-society-2,medio,duplo,99,state,JEV,True,True,-1.0,True,-1.0,jev_ordinal,direcional,False,,0.88,1.0,True,True,True,True,0.0
medio-duplo-4-state-1-society-2,medio,duplo,99,society,JEV,True,True,-2.0,True,-2.0,jev_ordinal,direcional,False,,0.69,1.0,True,True,True,True,0.0
medio-duplo-4-state-1-society-2,medio,duplo,99,economic,cascata,False,False,,False,,llm_ordinal,sem_evidencia,True,relevancia_ambigua,0.95,0.5,True,,,True,
medio-duplo-4-state-1-society-2,medio,duplo,99,diplomatic,cascata,False,False,,False,,jev_ordinal,sem_evidencia,False,,0.99,1.0,True,,,True,
medio-duplo-4-state-1-society-2,medio,duplo,99,state,cascata,True,True,-1.0,True,-1.0,jev_ordinal,direcional,False,,0.88,1.0,True,True,True,True,0.0
medio-duplo-4-state-1-society-2,medio,duplo,99,society,cascata,True,True,-2.0,True,-2.0,jev_ordinal,direcional,False,,0.69,1.0,True,True,True,True,0.0
medio-duplo-5-economic+1-diplomatic-1,medio,duplo,91,economic,JEV,True,True,1.0,True,0.0,jev_ordinal,sem_posicao,False,,0.62,0.96,True,False,False,False,1.0
medio-duplo-5-economic+1-diplomatic-1,medio,duplo,91,diplomatic,JEV,True,True,-1.0,True,-1.0,jev_ordinal,direcional,False,,0.89,0.98,True,True,True,True,0.0
medio-duplo-5-economic+1-diplomatic-1,medio,duplo,91,state,JEV,False,False,,True,-1.0,jev_ordinal,direcional,True,relevancia_ambigua,0.8,0.6000000000000001,False,,,False,
medio-duplo-5-economic+1-diplomatic-1,medio,duplo,91,society,JEV,False,False,,False,,jev_ordinal,sem_evidencia,True,relevancia_ambigua,0.99,0.56,True,,,True,
medio-duplo-5-economic+1-diplomatic-1,medio,duplo,91,economic,cascata,True,True,1.0,True,0.0,jev_ordinal,sem_posicao,False,,0.62,0.96,True,False,False,False,1.0
medio-duplo-5-economic+1-diplomatic-1,medio,duplo,91,diplomatic,cascata,True,True,-1.0,True,-1.0,jev_ordinal,direcional,False,,0.89,0.98,True,True,True,True,0.0
medio-duplo-5-economic+1-diplomatic-1,medio,duplo,91,state,cascata,False,False,,True,-1.0,llm_ordinal,direcional,True,relevancia_ambigua,0.8,0.6000000000000001,False,,,False,
medio-duplo-5-economic+1-diplomatic-1,medio,duplo,91,society,cascata,False,False,,False,,llm_ordinal,sem_evidencia,True,relevancia_ambigua,0.99,0.56,True,,,True,
medio-duplo-6-state+1-economic-2,medio,duplo,111,economic,JEV,True,True,-2.0,True,-2.0,jev_ordinal,direcional,False,,0.85,1.0,True,True,True,True,0.0
medio-duplo-6-state+1-economic-2,medio,duplo,111,diplomatic,JEV,False,False,,False,,jev_ordinal,sem_evidencia,False,,0.99,1.0,True,,,True,
medio-duplo-6-state+1-economic-2,medio,duplo,111,state,JEV,True,True,1.0,True,1.0,jev_ordinal,direcional,False,,0.56,0.94,True,True,True,True,0.0
medio-duplo-6-state+1-economic-2,medio,duplo,111,society,JEV,False,False,,True,2.0,jev_ordinal,direcional,True,relevancia_ambigua; baixa_confianca_nivel,0.45,0.6000000000000001,False,,,False,
medio-duplo-6-state+1-economic-2,medio,duplo,111,economic,cascata,True,True,-2.0,True,-2.0,jev_ordinal,direcional,False,,0.85,1.0,True,True,True,True,0.0
medio-duplo-6-state+1-economic-2,medio,duplo,111,diplomatic,cascata,False,False,,False,,jev_ordinal,sem_evidencia,False,,0.99,1.0,True,,,True,
medio-duplo-6-state+1-economic-2,medio,duplo,111,state,cascata,True,True,1.0,True,1.0,jev_ordinal,direcional,False,,0.56,0.94,True,True,True,True,0.0
medio-duplo-6-state+1-economic-2,medio,duplo,111,society,cascata,False,False,,False,,llm_ordinal,sem_evidencia,True,relevancia_ambigua; baixa_confianca_nivel,0.45,0.6000000000000001,True,,,True,
medio-duplo-7-society+2-diplomatic+2,medio,duplo,99,economic,JEV,False,False,,False,,jev_ordinal,sem_evidencia,False,,0.98,1.0,True,,,True,
medio-duplo-7-society+2-diplomatic+2,medio,duplo,99,diplomatic,JEV,True,True,2.0,True,2.0,jev_ordinal,direcional,False,,1.0,1.0,True,True,True,True,0.0
medio-duplo-7-society+2-diplomatic+2,medio,duplo,99,state,JEV,False,False,,True,2.0,jev_ordinal,direcional,True,baixa_confianca_nivel,0.0,0.94,False,,,False,
medio-duplo-7-society+2-diplomatic+2,medio,duplo,99,society,JEV,True,True,2.0,True,2.0,jev_ordinal,direcional,False,,1.0,1.0,True,True,True,True,0.0
medio-duplo-7-society+2-diplomatic+2,medio,duplo,99,economic,cascata,False,False,,False,,jev_ordinal,sem_evidencia,False,,0.98,1.0,True,,,True,
medio-duplo-7-society+2-diplomatic+2,medio,duplo,99,diplomatic,cascata,True,True,2.0,True,2.0,jev_ordinal,direcional,False,,1.0,1.0,True,True,True,True,0.0
medio-duplo-7-society+2-diplomatic+2,medio,duplo,99,state,cascata,False,False,,True,1.0,llm_ordinal,direcional,True,baixa_confianca_nivel,0.0,0.94,False,,,False,
medio-duplo-7-society+2-diplomatic+2,medio,duplo,99,society,cascata,True,True,2.0,True,2.0,jev_ordinal,direcional,False,,1.0,1.0,True,True,True,True,0.0
medio-misto-economic,medio,misto,112,economic,JEV,True,True,0.0,True,-1.0,jev_ordinal,direcional,True,baixa_confianca_nivel; direcao_ambigua,0.29,1.0,True,False,False,False,1.0
medio-misto-economic,medio,misto,112,diplomatic,JEV,False,False,,False,,jev_ordinal,sem_evidencia,False,,1.0,1.0,True,,,True,
medio-misto-economic,medio,misto,112,state,JEV,False,False,,False,,jev_ordinal,sem_evidencia,False,,1.0,1.0,True,,,True,
medio-misto-economic,medio,misto,112,society,JEV,False,False,,True,0.0,jev_ordinal,sem_posicao,True,relevancia_ambigua,0.96,0.30000000000000004,False,,,False,
medio-misto-economic,medio,misto,112,economic,cascata,True,True,0.0,True,1.0,llm_ordinal,direcional,True,baixa_confianca_nivel; direcao_ambigua,0.29,1.0,True,False,False,False,1.0
medio-misto-economic,medio,misto,112,diplomatic,cascata,False,False,,False,,jev_ordinal,sem_evidencia,False,,1.0,1.0,True,,,True,
medio-misto-economic,medio,misto,112,state,cascata,False,False,,False,,jev_ordinal,sem_evidencia,False,,1.0,1.0,True,,,True,
medio-misto-economic,medio,misto,112,society,cascata,False,False,,False,,llm_ordinal,sem_evidencia,True,relevancia_ambigua,0.96,0.30000000000000004,True,,,True,
medio-misto-diplomatic,medio,misto,108,economic,JEV,False,False,,False,,jev_ordinal,sem_evidencia,False,,0.99,1.0,True,,,True,
medio-misto-diplomatic,medio,misto,108,diplomatic,JEV,True,True,0.0,True,0.0,jev_ordinal,sem_posicao,False,,0.68,1.0,True,True,True,True,0.0
medio-misto-diplomatic,medio,misto,108,state,JEV,False,False,,True,-1.0,jev_ordinal,direcional,False,,0.89,0.8600000000000001,False,,,False,
medio-misto-diplomatic,medio,misto,108,society,JEV,False,False,,False,,jev_ordinal,sem_evidencia,True,relevancia_ambigua,0.85,0.39999999999999997,True,,,True,
medio-misto-diplomatic,medio,misto,108,economic,cascata,False,False,,False,,jev_ordinal,sem_evidencia,False,,0.99,1.0,True,,,True,
medio-misto-diplomatic,medio,misto,108,diplomatic,cascata,True,True,0.0,True,0.0,jev_ordinal,sem_posicao,False,,0.68,1.0,True,True,True,True,0.0
medio-misto-diplomatic,medio,misto,108,state,cascata,False,False,,True,-1.0,jev_ordinal,direcional,False,,0.89,0.8600000000000001,False,,,False,
medio-misto-diplomatic,medio,misto,108,society,cascata,False,False,,False,,llm_ordinal,sem_evidencia,True,relevancia_ambigua,0.85,0.39999999999999997,True,,,True,
medio-misto-state,medio,misto,97,economic,JEV,False,False,,False,,jev_ordinal,sem_evidencia,False,,1.0,1.0,True,,,True,
medio-misto-state,medio,misto,97,diplomatic,JEV,False,False,,False,,jev_ordinal,sem_evidencia,False,,1.0,1.0,True,,,True,
medio-misto-state,medio,misto,97,state,JEV,True,True,0.0,True,-1.0,jev_ordinal,direcional,False,,0.67,1.0,True,False,False,False,1.0
medio-misto-state,medio,misto,97,society,JEV,False,False,,False,,jev_ordinal,sem_evidencia,False,,0.95,0.8400000000000001,True,,,True,
medio-misto-state,medio,misto,97,economic,cascata,False,False,,False,,jev_ordinal,sem_evidencia,False,,1.0,1.0,True,,,True,
medio-misto-state,medio,misto,97,diplomatic,cascata,False,False,,False,,jev_ordinal,sem_evidencia,False,,1.0,1.0,True,,,True,
medio-misto-state,medio,misto,97,state,cascata,True,True,0.0,True,-1.0,jev_ordinal,direcional,False,,0.67,1.0,True,False,False,False,1.0
medio-misto-state,medio,misto,97,society,cascata,False,False,,False,,jev_ordinal,sem_evidencia,False,,0.95,0.8400000000000001,True,,,True,
medio-misto-society,medio,misto,91,economic,JEV,False,False,,False,,jev_ordinal,sem_evidencia,True,relevancia_ambigua,0.89,0.040000000000000036,True,,,True,
medio-misto-society,medio,misto,91,diplomatic,JEV,False,False,,False,,jev_ordinal,sem_evidencia,False,,1.0,1.0,True,,,True,
medio-misto-society,medio,misto,91,state,JEV,False,False,,True,1.0,jev_ordinal,direcional,False,,0.93,0.8999999999999999,False,,,False,
medio-misto-society,medio,misto,91,society,JEV,True,True,0.0,True,0.0,jev_ordinal,sem_posicao,False,,0.62,0.98,True,True,True,True,0.0
medio-misto-society,medio,misto,91,economic,cascata,False,False,,False,,llm_ordinal,sem_evidencia,True,relevancia_ambigua,0.89,0.040000000000000036,True,,,True,
medio-misto-society,medio,misto,91,diplomatic,cascata,False,False,,False,,jev_ordinal,sem_evidencia,False,,1.0,1.0,True,,,True,
medio-misto-society,medio,misto,91,state,cascata,False,False,,True,1.0,jev_ordinal,direcional,False,,0.93,0.8999999999999999,False,,,False,
medio-misto-society,medio,misto,91,society,cascata,True,True,0.0,True,0.0,jev_ordinal,sem_posicao,False,,0.62,0.98,True,True,True,True,0.0
medio-nenhum-0,medio,nenhum,106,economic,JEV,False,False,,False,,jev_ordinal,sem_evidencia,False,,1.0,1.0,True,,,True,
medio-nenhum-0,medio,nenhum,106,diplomatic,JEV,False,False,,False,,jev_ordinal,sem_evidencia,False,,1.0,1.0,True,,,True,
medio-nenhum-0,medio,nenhum,106,state,JEV,False,False,,False,,jev_ordinal,sem_evidencia,False,,1.0,1.0,True,,,True,
medio-nenhum-0,medio,nenhum,106,society,JEV,False,False,,False,,jev_ordinal,sem_evidencia,False,,1.0,1.0,True,,,True,
medio-nenhum-0,medio,nenhum,106,economic,cascata,False,False,,False,,jev_ordinal,sem_evidencia,False,,1.0,1.0,True,,,True,
medio-nenhum-0,medio,nenhum,106,diplomatic,cascata,False,False,,False,,jev_ordinal,sem_evidencia,False,,1.0,1.0,True,,,True,
medio-nenhum-0,medio,nenhum,106,state,cascata,False,False,,False,,jev_ordinal,sem_evidencia,False,,1.0,1.0,True,,,True,
medio-nenhum-0,medio,nenhum,106,society,cascata,False,False,,False,,jev_ordinal,sem_evidencia,False,,1.0,1.0,True,,,True,
medio-nenhum-1,medio,nenhum,88,economic,JEV,False,False,,False,,jev_ordinal,sem_evidencia,False,,1.0,1.0,True,,,True,
medio-nenhum-1,medio,nenhum,88,diplomatic,JEV,False,False,,False,,jev_ordinal,sem_evidencia,False,,1.0,1.0,True,,,True,
medio-nenhum-1,medio,nenhum,88,state,JEV,False,False,,False,,jev_ordinal,sem_evidencia,False,,1.0,1.0,True,,,True,
medio-nenhum-1,medio,nenhum,88,society,JEV,False,False,,False,,jev_ordinal,sem_evidencia,False,,1.0,1.0,True,,,True,
medio-nenhum-1,medio,nenhum,88,economic,cascata,False,False,,False,,jev_ordinal,sem_evidencia,False,,1.0,1.0,True,,,True,
medio-nenhum-1,medio,nenhum,88,diplomatic,cascata,False,False,,False,,jev_ordinal,sem_evidencia,False,,1.0,1.0,True,,,True,
medio-nenhum-1,medio,nenhum,88,state,cascata,False,False,,False,,jev_ordinal,sem_evidencia,False,,1.0,1.0,True,,,True,
medio-nenhum-1,medio,nenhum,88,society,cascata,False,False,,False,,jev_ordinal,sem_evidencia,False,,1.0,1.0,True,,,True,
medio-nenhum-2,medio,nenhum,80,economic,JEV,False,False,,False,,jev_ordinal,sem_evidencia,False,,1.0,1.0,True,,,True,
medio-nenhum-2,medio,nenhum,80,diplomatic,JEV,False,False,,False,,jev_ordinal,sem_evidencia,False,,1.0,1.0,True,,,True,
medio-nenhum-2,medio,nenhum,80,state,JEV,False,False,,False,,jev_ordinal,sem_evidencia,False,,1.0,1.0,True,,,True,
medio-nenhum-2,medio,nenhum,80,society,JEV,False,False,,False,,jev_ordinal,sem_evidencia,False,,1.0,1.0,True,,,True,
medio-nenhum-2,medio,nenhum,80,economic,cascata,False,False,,False,,jev_ordinal,sem_evidencia,False,,1.0,1.0,True,,,True,
medio-nenhum-2,medio,nenhum,80,diplomatic,cascata,False,False,,False,,jev_ordinal,sem_evidencia,False,,1.0,1.0,True,,,True,
medio-nenhum-2,medio,nenhum,80,state,cascata,False,False,,False,,jev_ordinal,sem_evidencia,False,,1.0,1.0,True,,,True,
medio-nenhum-2,medio,nenhum,80,society,cascata,False,False,,False,,jev_ordinal,sem_evidencia,False,,1.0,1.0,True,,,True,
medio-nenhum-3,medio,nenhum,85,economic,JEV,False,False,,False,,jev_ordinal,sem_evidencia,False,,1.0,1.0,True,,,True,
medio-nenhum-3,medio,nenhum,85,diplomatic,JEV,False,False,,False,,jev_ordinal,sem_evidencia,False,,1.0,1.0,True,,,True,
medio-nenhum-3,medio,nenhum,85,state,JEV,False,False,,False,,jev_ordinal,sem_evidencia,False,,1.0,1.0,True,,,True,
medio-nenhum-3,medio,nenhum,85,society,JEV,False,False,,False,,jev_ordinal,sem_evidencia,False,,1.0,1.0,True,,,True,
medio-nenhum-3,medio,nenhum,85,economic,cascata,False,False,,False,,jev_ordinal,sem_evidencia,False,,1.0,1.0,True,,,True,
medio-nenhum-3,medio,nenhum,85,diplomatic,cascata,False,False,,False,,jev_ordinal,sem_evidencia,False,,1.0,1.0,True,,,True,
medio-nenhum-3,medio,nenhum,85,state,cascata,False,False,,False,,jev_ordinal,sem_evidencia,False,,1.0,1.0,True,,,True,
medio-nenhum-3,medio,nenhum,85,society,cascata,False,False,,False,,jev_ordinal,sem_evidencia,False,,1.0,1.0,True,,,True,
longo-simples-economic--2,longo,simples,332,economic,JEV,True,True,-2.0,True,-2.0,jev_ordinal,direcional,False,,1.0,1.0,True,True,True,True,0.0
longo-simples-economic--2,longo,simples,332,diplomatic,JEV,False,False,,False,,jev_ordinal,sem_evidencia,False,,1.0,1.0,True,,,True,
longo-simples-economic--2,longo,simples,332,state,JEV,False,False,,False,,jev_ordinal,sem_evidencia,True,relevancia_ambigua,0.34,0.26,True,,,True,
longo-simples-economic--2,longo,simples,332,society,JEV,False,False,,True,2.0,jev_ordinal,direcional,True,relevancia_ambigua; baixa_confianca_nivel,0.42,0.18,False,,,False,
longo-simples-economic--2,longo,simples,332,economic,cascata,True,True,-2.0,True,-2.0,jev_ordinal,direcional,False,,1.0,1.0,True,True,True,True,0.0
longo-simples-economic--2,longo,simples,332,diplomatic,cascata,False,False,,False,,jev_ordinal,sem_evidencia,False,,1.0,1.0,True,,,True,
longo-simples-economic--2,longo,simples,332,state,cascata,False,False,,True,-2.0,llm_ordinal,direcional,True,relevancia_ambigua,0.34,0.26,False,,,False,
longo-simples-economic--2,longo,simples,332,society,cascata,False,False,,False,,llm_ordinal,sem_evidencia,True,relevancia_ambigua; baixa_confianca_nivel,0.42,0.18,True,,,True,
longo-simples-economic--1,longo,simples,283,economic,JEV,True,True,-1.0,True,-1.0,jev_ordinal,direcional,False,,0.99,1.0,True,True,True,True,0.0
longo-simples-economic--1,longo,simples,283,diplomatic,JEV,False,False,,False,,jev_ordinal,sem_evidencia,False,,1.0,1.0,True,,,True,
longo-simples-economic--1,longo,simples,283,state,JEV,False,False,,False,,jev_ordinal,sem_evidencia,False,,0.98,0.96,True,,,True,
longo-simples-economic--1,longo,simples,283,society,JEV,False,False,,False,,jev_ordinal,sem_evidencia,False,,0.91,0.8600000000000001,True,,,True,
longo-simples-economic--1,longo,simples,283,economic,cascata,True,True,-1.0,True,-1.0,jev_ordinal,direcional,False,,0.99,1.0,True,True,True,True,0.0
longo-simples-economic--1,longo,simples,283,diplomatic,cascata,False,False,,False,,jev_ordinal,sem_evidencia,False,,1.0,1.0,True,,,True,
longo-simples-economic--1,longo,simples,283,state,cascata,False,False,,False,,jev_ordinal,sem_evidencia,False,,0.98,0.96,True,,,True,
longo-simples-economic--1,longo,simples,283,society,cascata,False,False,,False,,jev_ordinal,sem_evidencia,False,,0.91,0.8600000000000001,True,,,True,
longo-simples-economic-+0,longo,simples,271,economic,JEV,True,,0.0,False,,jev_ordinal,sem_evidencia,False,,1.0,0.8400000000000001,True,True,True,True,
longo-simples-economic-+0,longo,simples,271,diplomatic,JEV,False,False,,False,,jev_ordinal,sem_evidencia,False,,1.0,1.0,True,,,True,
longo-simples-economic-+0,longo,simples,271,state,JEV,False,False,,False,,jev_ordinal,sem_evidencia,False,,1.0,1.0,True,,,True,
longo-simples-economic-+0,longo,simples,271,society,JEV,False,False,,False,,jev_ordinal,sem_evidencia,False,,1.0,1.0,True,,,True,
longo-simples-economic-+0,longo,simples,271,economic,cascata,True,,0.0,False,,jev_ordinal,sem_evidencia,False,,1.0,0.8400000000000001,True,True,True,True,
longo-simples-economic-+0,longo,simples,271,diplomatic,cascata,False,False,,False,,jev_ordinal,sem_evidencia,False,,1.0,1.0,True,,,True,
longo-simples-economic-+0,longo,simples,271,state,cascata,False,False,,False,,jev_ordinal,sem_evidencia,False,,1.0,1.0,True,,,True,
longo-simples-economic-+0,longo,simples,271,society,cascata,False,False,,False,,jev_ordinal,sem_evidencia,False,,1.0,1.0,True,,,True,
longo-simples-economic-+1,longo,simples,261,economic,JEV,True,True,1.0,True,1.0,jev_ordinal,direcional,False,,0.99,1.0,True,True,True,True,0.0
longo-simples-economic-+1,longo,simples,261,diplomatic,JEV,False,False,,False,,jev_ordinal,sem_evidencia,False,,1.0,1.0,True,,,True,
longo-simples-economic-+1,longo,simples,261,state,JEV,False,False,,False,,jev_ordinal,sem_evidencia,False,,0.71,0.78,True,,,True,
longo-simples-economic-+1,longo,simples,261,society,JEV,False,False,,True,0.0,jev_ordinal,sem_posicao,True,relevancia_ambigua,0.84,0.26,False,,,False,
longo-simples-economic-+1,longo,simples,261,economic,cascata,True,True,1.0,True,1.0,jev_ordinal,direcional,False,,0.99,1.0,True,True,True,True,0.0
longo-simples-economic-+1,longo,simples,261,diplomatic,cascata,False,False,,False,,jev_ordinal,sem_evidencia,False,,1.0,1.0,True,,,True,
longo-simples-economic-+1,longo,simples,261,state,cascata,False,False,,False,,jev_ordinal,sem_evidencia,False,,0.71,0.78,True,,,True,
longo-simples-economic-+1,longo,simples,261,society,cascata,False,False,,False,,llm_ordinal,sem_evidencia,True,relevancia_ambigua,0.84,0.26,True,,,True,
longo-simples-economic-+2,longo,simples,264,economic,JEV,True,True,2.0,True,2.0,jev_ordinal,direcional,False,,1.0,1.0,True,True,True,True,0.0
longo-simples-economic-+2,longo,simples,264,diplomatic,JEV,False,False,,False,,jev_ordinal,sem_evidencia,False,,0.97,1.0,True,,,True,
longo-simples-economic-+2,longo,simples,264,state,JEV,False,False,,True,-2.0,jev_ordinal,direcional,True,relevancia_ambigua; baixa_confianca_nivel,0.2,0.34,False,,,False,
longo-simples-economic-+2,longo,simples,264,society,JEV,False,False,,True,2.0,jev_ordinal,direcional,True,relevancia_ambigua; baixa_confianca_nivel,0.48,0.6399999999999999,False,,,False,
longo-simples-economic-+2,longo,simples,264,economic,cascata,True,True,2.0,True,2.0,jev_ordinal,direcional,False,,1.0,1.0,True,True,True,True,0.0
longo-simples-economic-+2,longo,simples,264,diplomatic,cascata,False,False,,False,,jev_ordinal,sem_evidencia,False,,0.97,1.0,True,,,True,
longo-simples-economic-+2,longo,simples,264,state,cascata,False,False,,True,1.0,llm_ordinal,direcional,True,relevancia_ambigua; baixa_confianca_nivel,0.2,0.34,False,,,False,
longo-simples-economic-+2,longo,simples,264,society,cascata,False,False,,True,1.0,llm_ordinal,direcional,True,relevancia_ambigua; baixa_confianca_nivel,0.48,0.6399999999999999,False,,,False,
longo-simples-diplomatic--2,longo,simples,276,economic,JEV,False,False,,True,0.0,jev_ordinal,sem_posicao,True,relevancia_ambigua,0.79,0.5,False,,,False,
longo-simples-diplomatic--2,longo,simples,276,diplomatic,JEV,True,True,-2.0,True,-2.0,jev_ordinal,direcional,False,,1.0,1.0,True,True,True,True,0.0
longo-simples-diplomatic--2,longo,simples,276,state,JEV,False,False,,True,-2.0,jev_ordinal,direcional,False,,0.95,0.98,False,,,False,
longo-simples-diplomatic--2,longo,simples,276,society,JEV,False,False,,False,,jev_ordinal,sem_evidencia,True,relevancia_ambigua,0.78,0.56,True,,,True,
longo-simples-diplomatic--2,longo,simples,276,economic,cascata,False,False,,True,-2.0,llm_ordinal,direcional,True,relevancia_ambigua,0.79,0.5,False,,,False,
longo-simples-diplomatic--2,longo,simples,276,diplomatic,cascata,True,True,-2.0,True,-2.0,jev_ordinal,direcional,False,,1.0,1.0,True,True,True,True,0.0
longo-simples-diplomatic--2,longo,simples,276,state,cascata,False,False,,True,-2.0,jev_ordinal,direcional,False,,0.95,0.98,False,,,False,
longo-simples-diplomatic--2,longo,simples,276,society,cascata,False,False,,True,-2.0,llm_ordinal,direcional,True,relevancia_ambigua,0.78,0.56,False,,,False,
longo-simples-diplomatic--1,longo,simples,252,economic,JEV,False,False,,True,0.0,jev_ordinal,sem_posicao,False,,0.88,0.9199999999999999,False,,,False,
longo-simples-diplomatic--1,longo,simples,252,diplomatic,JEV,True,True,-1.0,True,-1.0,jev_ordinal,direcional,False,,1.0,1.0,True,True,True,True,0.0
longo-simples-diplomatic--1,longo,simples,252,state,JEV,False,False,,True,-1.0,jev_ordinal,direcional,True,relevancia_ambigua,0.8,0.37999999999999995,False,,,False,
longo-simples-diplomatic--1,longo,simples,252,society,JEV,False,False,,False,,jev_ordinal,sem_evidencia,True,relevancia_ambigua,0.88,0.13999999999999996,True,,,True,
longo-simples-diplomatic--1,longo,simples,252,economic,cascata,False,False,,True,0.0,jev_ordinal,sem_posicao,False,,0.88,0.9199999999999999,False,,,False,
longo-simples-diplomatic--1,longo,simples,252,diplomatic,cascata,True,True,-1.0,True,-1.0,jev_ordinal,direcional,False,,1.0,1.0,True,True,True,True,0.0
longo-simples-diplomatic--1,longo,simples,252,state,cascata,False,False,,True,1.0,llm_ordinal,direcional,True,relevancia_ambigua,0.8,0.37999999999999995,False,,,False,
longo-simples-diplomatic--1,longo,simples,252,society,cascata,False,False,,False,,llm_ordinal,sem_evidencia,True,relevancia_ambigua,0.88,0.13999999999999996,True,,,True,
longo-simples-diplomatic-+0,longo,simples,224,economic,JEV,False,False,,False,,jev_ordinal,sem_evidencia,False,,1.0,1.0,True,,,True,
longo-simples-diplomatic-+0,longo,simples,224,diplomatic,JEV,True,,0.0,True,0.0,jev_ordinal,sem_posicao,True,relevancia_ambigua,1.0,0.26,True,True,True,True,0.0
longo-simples-diplomatic-+0,longo,simples,224,state,JEV,False,False,,False,,jev_ordinal,sem_evidencia,False,,1.0,1.0,True,,,True,
longo-simples-diplomatic-+0,longo,simples,224,society,JEV,False,False,,False,,jev_ordinal,sem_evidencia,False,,1.0,1.0,True,,,True,
longo-simples-diplomatic-+0,longo,simples,224,economic,cascata,False,False,,False,,jev_ordinal,sem_evidencia,False,,1.0,1.0,True,,,True,
longo-simples-diplomatic-+0,longo,simples,224,diplomatic,cascata,True,,0.0,True,0.0,llm_ordinal,sem_posicao,True,relevancia_ambigua,1.0,0.26,True,True,True,True,0.0
longo-simples-diplomatic-+0,longo,simples,224,state,cascata,False,False,,False,,jev_ordinal,sem_evidencia,False,,1.0,1.0,True,,,True,
longo-simples-diplomatic-+0,longo,simples,224,society,cascata,False,False,,False,,jev_ordinal,sem_evidencia,False,,1.0,1.0,True,,,True,
longo-simples-diplomatic-+1,longo,simples,230,economic,JEV,False,False,,False,,jev_ordinal,sem_evidencia,False,,1.0,1.0,True,,,True,
longo-simples-diplomatic-+1,longo,simples,230,diplomatic,JEV,True,True,1.0,True,1.0,jev_ordinal,direcional,False,,1.0,1.0,True,True,True,True,0.0
longo-simples-diplomatic-+1,longo,simples,230,state,JEV,False,False,,False,,jev_ordinal,sem_evidencia,False,,0.99,1.0,True,,,True,
longo-simples-diplomatic-+1,longo,simples,230,society,JEV,False,False,,False,,jev_ordinal,sem_evidencia,True,relevancia_ambigua,0.99,0.040000000000000036,True,,,True,
longo-simples-diplomatic-+1,longo,simples,230,economic,cascata,False,False,,False,,jev_ordinal,sem_evidencia,False,,1.0,1.0,True,,,True,
longo-simples-diplomatic-+1,longo,simples,230,diplomatic,cascata,True,True,1.0,True,1.0,jev_ordinal,direcional,False,,1.0,1.0,True,True,True,True,0.0
longo-simples-diplomatic-+1,longo,simples,230,state,cascata,False,False,,False,,jev_ordinal,sem_evidencia,False,,0.99,1.0,True,,,True,
longo-simples-diplomatic-+1,longo,simples,230,society,cascata,False,False,,False,,llm_ordinal,sem_evidencia,True,relevancia_ambigua,0.99,0.040000000000000036,True,,,True,
longo-simples-diplomatic-+2,longo,simples,271,economic,JEV,False,False,,True,0.0,jev_ordinal,sem_posicao,True,relevancia_ambigua,0.86,0.36000000000000004,False,,,False,
longo-simples-diplomatic-+2,longo,simples,271,diplomatic,JEV,True,True,2.0,True,2.0,jev_ordinal,direcional,False,,1.0,1.0,True,True,True,True,0.0
longo-simples-diplomatic-+2,longo,simples,271,state,JEV,False,False,,True,2.0,jev_ordinal,direcional,True,relevancia_ambigua; baixa_confianca_nivel,0.38,0.34,False,,,False,
longo-simples-diplomatic-+2,longo,simples,271,society,JEV,False,False,,False,,jev_ordinal,sem_evidencia,True,relevancia_ambigua,0.65,0.39999999999999997,True,,,True,
longo-simples-diplomatic-+2,longo,simples,271,economic,cascata,False,False,,True,-2.0,llm_ordinal,direcional,True,relevancia_ambigua,0.86,0.36000000000000004,False,,,False,
longo-simples-diplomatic-+2,longo,simples,271,diplomatic,cascata,True,True,2.0,True,2.0,jev_ordinal,direcional,False,,1.0,1.0,True,True,True,True,0.0
longo-simples-diplomatic-+2,longo,simples,271,state,cascata,False,False,,True,-2.0,llm_ordinal,direcional,True,relevancia_ambigua; baixa_confianca_nivel,0.38,0.34,False,,,False,
longo-simples-diplomatic-+2,longo,simples,271,society,cascata,False,False,,False,,llm_ordinal,sem_evidencia,True,relevancia_ambigua,0.65,0.39999999999999997,True,,,True,
longo-simples-state--2,longo,simples,242,economic,JEV,False,False,,False,,jev_ordinal,sem_evidencia,False,,1.0,1.0,True,,,True,
longo-simples-state--2,longo,simples,242,diplomatic,JEV,False,False,,False,,jev_ordinal,sem_evidencia,False,,0.96,1.0,True,,,True,
longo-simples-state--2,longo,simples,242,state,JEV,True,True,-2.0,True,-2.0,jev_ordinal,direcional,False,,0.81,1.0,True,True,True,True,0.0
longo-simples-state--2,longo,simples,242,society,JEV,False,False,,False,,jev_ordinal,sem_evidencia,False,,0.92,0.98,True,,,True,
longo-simples-state--2,longo,simples,242,economic,cascata,False,False,,False,,jev_ordinal,sem_evidencia,False,,1.0,1.0,True,,,True,
longo-simples-state--2,longo,simples,242,diplomatic,cascata,False,False,,False,,jev_ordinal,sem_evidencia,False,,0.96,1.0,True,,,True,
longo-simples-state--2,longo,simples,242,state,cascata,True,True,-2.0,True,-2.0,jev_ordinal,direcional,False,,0.81,1.0,True,True,True,True,0.0
longo-simples-state--2,longo,simples,242,society,cascata,False,False,,False,,jev_ordinal,sem_evidencia,False,,0.92,0.98,True,,,True,
longo-simples-state--1,longo,simples,218,economic,JEV,False,False,,False,,jev_ordinal,sem_evidencia,False,,1.0,0.98,True,,,True,
longo-simples-state--1,longo,simples,218,diplomatic,JEV,False,False,,False,,jev_ordinal,sem_evidencia,False,,0.99,1.0,True,,,True,
longo-simples-state--1,longo,simples,218,state,JEV,True,True,-1.0,True,-1.0,jev_ordinal,direcional,False,,0.99,1.0,True,True,True,True,0.0
longo-simples-state--1,longo,simples,218,society,JEV,False,False,,True,0.0,jev_ordinal,sem_posicao,True,relevancia_ambigua,0.77,0.040000000000000036,False,,,False,
longo-simples-state--1,longo,simples,218,economic,cascata,False,False,,False,,jev_ordinal,sem_evidencia,False,,1.0,0.98,True,,,True,
longo-simples-state--1,longo,simples,218,diplomatic,cascata,False,False,,False,,jev_ordinal,sem_evidencia,False,,0.99,1.0,True,,,True,
longo-simples-state--1,longo,simples,218,state,cascata,True,True,-1.0,True,-1.0,jev_ordinal,direcional,False,,0.99,1.0,True,True,True,True,0.0
longo-simples-state--1,longo,simples,218,society,cascata,False,False,,False,,llm_ordinal,sem_evidencia,True,relevancia_ambigua,0.77,0.040000000000000036,True,,,True,
longo-simples-state-+0,longo,simples,231,economic,JEV,False,False,,False,,jev_ordinal,sem_evidencia,False,,1.0,1.0,True,,,True,
longo-simples-state-+0,longo,simples,231,diplomatic,JEV,False,False,,False,,jev_ordinal,sem_evidencia,False,,1.0,1.0,True,,,True,
longo-simples-state-+0,longo,simples,231,state,JEV,True,,0.0,False,,jev_ordinal,sem_evidencia,True,relevancia_ambigua,1.0,0.34,True,True,True,True,
longo-simples-state-+0,longo,simples,231,society,JEV,False,False,,False,,jev_ordinal,sem_evidencia,False,,1.0,0.98,True,,,True,
longo-simples-state-+0,longo,simples,231,economic,cascata,False,False,,False,,jev_ordinal,sem_evidencia,False,,1.0,1.0,True,,,True,
longo-simples-state-+0,longo,simples,231,diplomatic,cascata,False,False,,False,,jev_ordinal,sem_evidencia,False,,1.0,1.0,True,,,True,
longo-simples-state-+0,longo,simples,231,state,cascata,True,,0.0,False,,llm_ordinal,sem_evidencia,True,relevancia_ambigua,1.0,0.34,True,True,True,True,
longo-simples-state-+0,longo,simples,231,society,cascata,False,False,,False,,jev_ordinal,sem_evidencia,False,,1.0,0.98,True,,,True,
longo-simples-state-+1,longo,simples,227,economic,JEV,False,False,,True,0.0,jev_ordinal,sem_posicao,True,relevancia_ambigua,0.62,0.43999999999999995,False,,,False,
longo-simples-state-+1,longo,simples,227,diplomatic,JEV,False,False,,False,,jev_ordinal,sem_evidencia,False,,1.0,1.0,True,,,True,
longo-simples-state-+1,longo,simples,227,state,JEV,True,True,1.0,True,1.0,jev_ordinal,direcional,False,,1.0,1.0,True,True,True,True,0.0
longo-simples-state-+1,longo,simples,227,society,JEV,False,False,,True,1.0,jev_ordinal,direcional,True,relevancia_ambigua,0.64,0.13999999999999996,False,,,False,
longo-simples-state-+1,longo,simples,227,economic,cascata,False,False,,True,1.0,llm_ordinal,direcional,True,relevancia_ambigua,0.62,0.43999999999999995,False,,,False,
longo-simples-state-+1,longo,simples,227,diplomatic,cascata,False,False,,False,,jev_ordinal,sem_evidencia,False,,1.0,1.0,True,,,True,
longo-simples-state-+1,longo,simples,227,state,cascata,True,True,1.0,True,1.0,jev_ordinal,direcional,False,,1.0,1.0,True,True,True,True,0.0
longo-simples-state-+1,longo,simples,227,society,cascata,False,False,,True,1.0,llm_ordinal,direcional,True,relevancia_ambigua,0.64,0.13999999999999996,False,,,False,
longo-simples-state-+2,longo,simples,242,economic,JEV,False,False,,False,,jev_ordinal,sem_evidencia,False,,0.97,1.0,True,,,True,
longo-simples-state-+2,longo,simples,242,diplomatic,JEV,False,False,,False,,jev_ordinal,sem_evidencia,False,,0.96,1.0,True,,,True,
longo-simples-state-+2,longo,simples,242,state,JEV,True,True,2.0,True,2.0,jev_ordinal,direcional,False,,1.0,1.0,True,True,True,True,0.0
longo-simples-state-+2,longo,simples,242,society,JEV,False,False,,True,2.0,jev_ordinal,direcional,True,relevancia_ambigua,0.95,0.6000000000000001,False,,,False,
longo-simples-state-+2,longo,simples,242,economic,cascata,False,False,,False,,jev_ordinal,sem_evidencia,False,,0.97,1.0,True,,,True,
longo-simples-state-+2,longo,simples,242,diplomatic,cascata,False,False,,False,,jev_ordinal,sem_evidencia,False,,0.96,1.0,True,,,True,
longo-simples-state-+2,longo,simples,242,state,cascata,True,True,2.0,True,2.0,jev_ordinal,direcional,False,,1.0,1.0,True,True,True,True,0.0
longo-simples-state-+2,longo,simples,242,society,cascata,False,False,,True,2.0,llm_ordinal,direcional,True,relevancia_ambigua,0.95,0.6000000000000001,False,,,False,
longo-simples-society--2,longo,simples,258,economic,JEV,False,False,,False,,jev_ordinal,sem_evidencia,False,,1.0,1.0,True,,,True,
longo-simples-society--2,longo,simples,258,diplomatic,JEV,False,False,,False,,jev_ordinal,sem_evidencia,False,,0.96,1.0,True,,,True,
longo-simples-society--2,longo,simples,258,state,JEV,False,False,,True,-2.0,jev_ordinal,direcional,False,,0.82,0.98,False,,,False,
longo-simples-society--2,longo,simples,258,society,JEV,True,True,-2.0,True,-2.0,jev_ordinal,direcional,False,,0.96,1.0,True,True,True,True,0.0
longo-simples-society--2,longo,simples,258,economic,cascata,False,False,,False,,jev_ordinal,sem_evidencia,False,,1.0,1.0,True,,,True,
longo-simples-society--2,longo,simples,258,diplomatic,cascata,False,False,,False,,jev_ordinal,sem_evidencia,False,,0.96,1.0,True,,,True,
longo-simples-society--2,longo,simples,258,state,cascata,False,False,,True,-2.0,jev_ordinal,direcional,False,,0.82,0.98,False,,,False,
longo-simples-society--2,longo,simples,258,society,cascata,True,True,-2.0,True,-2.0,jev_ordinal,direcional,False,,0.96,1.0,True,True,True,True,0.0
longo-simples-society--1,longo,simples,243,economic,JEV,False,False,,False,,jev_ordinal,sem_evidencia,False,,0.99,0.96,True,,,True,
longo-simples-society--1,longo,simples,243,diplomatic,JEV,False,False,,False,,jev_ordinal,sem_evidencia,False,,0.98,1.0,True,,,True,
longo-simples-society--1,longo,simples,243,state,JEV,False,False,,True,0.0,jev_ordinal,sem_posicao,True,relevancia_ambigua,0.75,0.5800000000000001,False,,,False,
longo-simples-society--1,longo,simples,243,society,JEV,True,True,-1.0,True,-1.0,jev_ordinal,direcional,False,,0.99,1.0,True,True,True,True,0.0
longo-simples-society--1,longo,simples,243,economic,cascata,False,False,,False,,jev_ordinal,sem_evidencia,False,,0.99,0.96,True,,,True,
longo-simples-society--1,longo,simples,243,diplomatic,cascata,False,False,,False,,jev_ordinal,sem_evidencia,False,,0.98,1.0,True,,,True,
longo-simples-society--1,longo,simples,243,state,cascata,False,False,,False,,llm_ordinal,sem_evidencia,True,relevancia_ambigua,0.75,0.5800000000000001,True,,,True,
longo-simples-society--1,longo,simples,243,society,cascata,True,True,-1.0,True,-1.0,jev_ordinal,direcional,False,,0.99,1.0,True,True,True,True,0.0
longo-simples-society-+0,longo,simples,233,economic,JEV,False,False,,False,,jev_ordinal,sem_evidencia,False,,1.0,1.0,True,,,True,
longo-simples-society-+0,longo,simples,233,diplomatic,JEV,False,False,,False,,jev_ordinal,sem_evidencia,False,,1.0,1.0,True,,,True,
longo-simples-society-+0,longo,simples,233,state,JEV,False,False,,False,,jev_ordinal,sem_evidencia,False,,1.0,1.0,True,,,True,
longo-simples-society-+0,longo,simples,233,society,JEV,True,,0.0,True,0.0,jev_ordinal,sem_posicao,False,,1.0,0.74,True,True,True,True,0.0
longo-simples-society-+0,longo,simples,233,economic,cascata,False,False,,False,,jev_ordinal,sem_evidencia,False,,1.0,1.0,True,,,True,
longo-simples-society-+0,longo,simples,233,diplomatic,cascata,False,False,,False,,jev_ordinal,sem_evidencia,False,,1.0,1.0,True,,,True,
longo-simples-society-+0,longo,simples,233,state,cascata,False,False,,False,,jev_ordinal,sem_evidencia,False,,1.0,1.0,True,,,True,
longo-simples-society-+0,longo,simples,233,society,cascata,True,,0.0,True,0.0,jev_ordinal,sem_posicao,False,,1.0,0.74,True,True,True,True,0.0
longo-simples-society-+1,longo,simples,231,economic,JEV,False,False,,True,0.0,jev_ordinal,sem_posicao,True,relevancia_ambigua,0.77,0.19999999999999996,False,,,False,
longo-simples-society-+1,longo,simples,231,diplomatic,JEV,False,False,,False,,jev_ordinal,sem_evidencia,False,,1.0,1.0,True,,,True,
longo-simples-society-+1,longo,simples,231,state,JEV,False,False,,True,1.0,jev_ordinal,direcional,False,,0.72,0.72,False,,,False,
longo-simples-society-+1,longo,simples,231,society,JEV,True,True,1.0,True,1.0,jev_ordinal,direcional,False,,0.94,1.0,True,True,True,True,0.0
longo-simples-society-+1,longo,simples,231,economic,cascata,False,False,,False,,llm_ordinal,sem_evidencia,True,relevancia_ambigua,0.77,0.19999999999999996,True,,,True,
longo-simples-society-+1,longo,simples,231,diplomatic,cascata,False,False,,False,,jev_ordinal,sem_evidencia,False,,1.0,1.0,True,,,True,
longo-simples-society-+1,longo,simples,231,state,cascata,False,False,,True,1.0,jev_ordinal,direcional,False,,0.72,0.72,False,,,False,
longo-simples-society-+1,longo,simples,231,society,cascata,True,True,1.0,True,1.0,jev_ordinal,direcional,False,,0.94,1.0,True,True,True,True,0.0
longo-simples-society-+2,longo,simples,290,economic,JEV,False,False,,False,,jev_ordinal,sem_evidencia,False,,0.99,1.0,True,,,True,
longo-simples-society-+2,longo,simples,290,diplomatic,JEV,False,False,,False,,jev_ordinal,sem_evidencia,False,,0.99,1.0,True,,,True,
longo-simples-society-+2,longo,simples,290,state,JEV,False,False,,True,2.0,jev_ordinal,direcional,False,,0.63,1.0,False,,,False,
longo-simples-society-+2,longo,simples,290,society,JEV,True,True,2.0,True,2.0,jev_ordinal,direcional,False,,1.0,1.0,True,True,True,True,0.0
longo-simples-society-+2,longo,simples,290,economic,cascata,False,False,,False,,jev_ordinal,sem_evidencia,False,,0.99,1.0,True,,,True,
longo-simples-society-+2,longo,simples,290,diplomatic,cascata,False,False,,False,,jev_ordinal,sem_evidencia,False,,0.99,1.0,True,,,True,
longo-simples-society-+2,longo,simples,290,state,cascata,False,False,,True,2.0,jev_ordinal,direcional,False,,0.63,1.0,False,,,False,
longo-simples-society-+2,longo,simples,290,society,cascata,True,True,2.0,True,2.0,jev_ordinal,direcional,False,,1.0,1.0,True,True,True,True,0.0
longo-duplo-0-economic+2-society+1,longo,duplo,272,economic,JEV,True,True,2.0,True,2.0,jev_ordinal,direcional,False,,1.0,1.0,True,True,True,True,0.0
longo-duplo-0-economic+2-society+1,longo,duplo,272,diplomatic,JEV,False,False,,False,,jev_ordinal,sem_evidencia,False,,0.99,1.0,True,,,True,
longo-duplo-0-economic+2-society+1,longo,duplo,272,state,JEV,False,False,,True,1.0,jev_ordinal,direcional,False,,0.74,0.9199999999999999,False,,,False,
longo-duplo-0-economic+2-society+1,longo,duplo,272,society,JEV,True,True,1.0,True,2.0,jev_ordinal,direcional,False,,0.73,1.0,True,True,False,True,1.0
longo-duplo-0-economic+2-society+1,longo,duplo,272,economic,cascata,True,True,2.0,True,2.0,jev_ordinal,direcional,False,,1.0,1.0,True,True,True,True,0.0
longo-duplo-0-economic+2-society+1,longo,duplo,272,diplomatic,cascata,False,False,,False,,jev_ordinal,sem_evidencia,False,,0.99,1.0,True,,,True,
longo-duplo-0-economic+2-society+1,longo,duplo,272,state,cascata,False,False,,True,1.0,jev_ordinal,direcional,False,,0.74,0.9199999999999999,False,,,False,
longo-duplo-0-economic+2-society+1,longo,duplo,272,society,cascata,True,True,1.0,True,2.0,jev_ordinal,direcional,False,,0.73,1.0,True,True,False,True,1.0
longo-duplo-1-economic-1-state-2,longo,duplo,267,economic,JEV,True,True,-1.0,True,-1.0,jev_ordinal,direcional,False,,0.99,0.98,True,True,True,True,0.0
longo-duplo-1-economic-1-state-2,longo,duplo,267,diplomatic,JEV,False,False,,False,,jev_ordinal,sem_evidencia,False,,0.99,1.0,True,,,True,
longo-duplo-1-economic-1-state-2,longo,duplo,267,state,JEV,True,True,-2.0,True,-2.0,jev_ordinal,direcional,False,,0.94,1.0,True,True,True,True,0.0
longo-duplo-1-economic-1-state-2,longo,duplo,267,society,JEV,False,False,,False,,jev_ordinal,sem_evidencia,True,relevancia_ambigua,0.69,0.24,True,,,True,
longo-duplo-1-economic-1-state-2,longo,duplo,267,economic,cascata,True,True,-1.0,True,-1.0,jev_ordinal,direcional,False,,0.99,0.98,True,True,True,True,0.0
longo-duplo-1-economic-1-state-2,longo,duplo,267,diplomatic,cascata,False,False,,False,,jev_ordinal,sem_evidencia,False,,0.99,1.0,True,,,True,
longo-duplo-1-economic-1-state-2,longo,duplo,267,state,cascata,True,True,-2.0,True,-2.0,jev_ordinal,direcional,False,,0.94,1.0,True,True,True,True,0.0
longo-duplo-1-economic-1-state-2,longo,duplo,267,society,cascata,False,False,,False,,llm_ordinal,sem_evidencia,True,relevancia_ambigua,0.69,0.24,True,,,True,
longo-duplo-2-diplomatic-2-society-1,longo,duplo,251,economic,JEV,False,False,,False,,jev_ordinal,sem_evidencia,False,,0.99,0.96,True,,,True,
longo-duplo-2-diplomatic-2-society-1,longo,duplo,251,diplomatic,JEV,True,True,-2.0,True,-2.0,jev_ordinal,direcional,False,,1.0,1.0,True,True,True,True,0.0
longo-duplo-2-diplomatic-2-society-1,longo,duplo,251,state,JEV,False,False,,True,-2.0,jev_ordinal,direcional,True,relevancia_ambigua; baixa_confianca_nivel,0.17,0.06000000000000005,False,,,False,
longo-duplo-2-diplomatic-2-society-1,longo,duplo,251,society,JEV,True,True,-1.0,True,-1.0,jev_ordinal,direcional,False,,0.62,0.94,True,True,True,True,0.0
longo-duplo-2-diplomatic-2-society-1,longo,duplo,251,economic,cascata,False,False,,False,,jev_ordinal,sem_evidencia,False,,0.99,0.96,True,,,True,
longo-duplo-2-diplomatic-2-society-1,longo,duplo,251,diplomatic,cascata,True,True,-2.0,True,-2.0,jev_ordinal,direcional,False,,1.0,1.0,True,True,True,True,0.0
longo-duplo-2-diplomatic-2-society-1,longo,duplo,251,state,cascata,False,False,,False,,llm_ordinal,sem_evidencia,True,relevancia_ambigua; baixa_confianca_nivel,0.17,0.06000000000000005,True,,,True,
longo-duplo-2-diplomatic-2-society-1,longo,duplo,251,society,cascata,True,True,-1.0,True,-1.0,jev_ordinal,direcional,False,,0.62,0.94,True,True,True,True,0.0
longo-duplo-3-diplomatic+1-state+2,longo,duplo,249,economic,JEV,False,False,,False,,jev_ordinal,sem_evidencia,False,,1.0,1.0,True,,,True,
longo-duplo-3-diplomatic+1-state+2,longo,duplo,249,diplomatic,JEV,True,True,1.0,True,1.0,jev_ordinal,direcional,False,,0.97,1.0,True,True,True,True,0.0
longo-duplo-3-diplomatic+1-state+2,longo,duplo,249,state,JEV,True,True,2.0,True,2.0,jev_ordinal,direcional,False,,0.99,1.0,True,True,True,True,0.0
longo-duplo-3-diplomatic+1-state+2,longo,duplo,249,society,JEV,False,False,,True,2.0,jev_ordinal,direcional,False,,0.62,0.7,False,,,False,
longo-duplo-3-diplomatic+1-state+2,longo,duplo,249,economic,cascata,False,False,,False,,jev_ordinal,sem_evidencia,False,,1.0,1.0,True,,,True,
longo-duplo-3-diplomatic+1-state+2,longo,duplo,249,diplomatic,cascata,True,True,1.0,True,1.0,jev_ordinal,direcional,False,,0.97,1.0,True,True,True,True,0.0
longo-duplo-3-diplomatic+1-state+2,longo,duplo,249,state,cascata,True,True,2.0,True,2.0,jev_ordinal,direcional,False,,0.99,1.0,True,True,True,True,0.0
longo-duplo-3-diplomatic+1-state+2,longo,duplo,249,society,cascata,False,False,,True,2.0,jev_ordinal,direcional,False,,0.62,0.7,False,,,False,
longo-duplo-4-state-1-society-2,longo,duplo,239,economic,JEV,False,False,,False,,jev_ordinal,sem_evidencia,False,,0.99,0.8400000000000001,True,,,True,
longo-duplo-4-state-1-society-2,longo,duplo,239,diplomatic,JEV,False,False,,False,,jev_ordinal,sem_evidencia,False,,0.96,1.0,True,,,True,
longo-duplo-4-state-1-society-2,longo,duplo,239,state,JEV,True,True,-1.0,True,-1.0,jev_ordinal,direcional,False,,0.62,1.0,True,True,True,True,0.0
longo-duplo-4-state-1-society-2,longo,duplo,239,society,JEV,True,True,-2.0,True,-2.0,jev_ordinal,direcional,False,,0.94,1.0,True,True,True,True,0.0
longo-duplo-4-state-1-society-2,longo,duplo,239,economic,cascata,False,False,,False,,jev_ordinal,sem_evidencia,False,,0.99,0.8400000000000001,True,,,True,
longo-duplo-4-state-1-society-2,longo,duplo,239,diplomatic,cascata,False,False,,False,,jev_ordinal,sem_evidencia,False,,0.96,1.0,True,,,True,
longo-duplo-4-state-1-society-2,longo,duplo,239,state,cascata,True,True,-1.0,True,-1.0,jev_ordinal,direcional,False,,0.62,1.0,True,True,True,True,0.0
longo-duplo-4-state-1-society-2,longo,duplo,239,society,cascata,True,True,-2.0,True,-2.0,jev_ordinal,direcional,False,,0.94,1.0,True,True,True,True,0.0
longo-duplo-5-economic+1-diplomatic-1,longo,duplo,236,economic,JEV,True,True,1.0,True,1.0,jev_ordinal,direcional,False,,0.65,1.0,True,True,True,True,0.0
longo-duplo-5-economic+1-diplomatic-1,longo,duplo,236,diplomatic,JEV,True,True,-1.0,True,-1.0,jev_ordinal,direcional,False,,0.85,0.96,True,True,True,True,0.0
longo-duplo-5-economic+1-diplomatic-1,longo,duplo,236,state,JEV,False,False,,True,0.0,jev_ordinal,sem_posicao,True,relevancia_ambigua,0.73,0.020000000000000018,False,,,False,
longo-duplo-5-economic+1-diplomatic-1,longo,duplo,236,society,JEV,False,False,,False,,jev_ordinal,sem_evidencia,False,,0.99,0.78,True,,,True,
longo-duplo-5-economic+1-diplomatic-1,longo,duplo,236,economic,cascata,True,True,1.0,True,1.0,jev_ordinal,direcional,False,,0.65,1.0,True,True,True,True,0.0
longo-duplo-5-economic+1-diplomatic-1,longo,duplo,236,diplomatic,cascata,True,True,-1.0,True,-1.0,jev_ordinal,direcional,False,,0.85,0.96,True,True,True,True,0.0
longo-duplo-5-economic+1-diplomatic-1,longo,duplo,236,state,cascata,False,False,,True,-1.0,llm_ordinal,direcional,True,relevancia_ambigua,0.73,0.020000000000000018,False,,,False,
longo-duplo-5-economic+1-diplomatic-1,longo,duplo,236,society,cascata,False,False,,False,,jev_ordinal,sem_evidencia,False,,0.99,0.78,True,,,True,
longo-duplo-6-state+1-economic-2,longo,duplo,262,economic,JEV,True,True,-2.0,True,-2.0,jev_ordinal,direcional,False,,0.97,1.0,True,True,True,True,0.0
longo-duplo-6-state+1-economic-2,longo,duplo,262,diplomatic,JEV,False,False,,False,,jev_ordinal,sem_evidencia,False,,0.99,1.0,True,,,True,
longo-duplo-6-state+1-economic-2,longo,duplo,262,state,JEV,True,True,1.0,True,1.0,jev_ordinal,direcional,False,,0.62,1.0,True,True,True,True,0.0
longo-duplo-6-state+1-economic-2,longo,duplo,262,society,JEV,False,False,,True,2.0,jev_ordinal,direcional,True,baixa_confianca_nivel,0.41,0.7,False,,,False,
longo-duplo-6-state+1-economic-2,longo,duplo,262,economic,cascata,True,True,-2.0,True,-2.0,jev_ordinal,direcional,False,,0.97,1.0,True,True,True,True,0.0
longo-duplo-6-state+1-economic-2,longo,duplo,262,diplomatic,cascata,False,False,,False,,jev_ordinal,sem_evidencia,False,,0.99,1.0,True,,,True,
longo-duplo-6-state+1-economic-2,longo,duplo,262,state,cascata,True,True,1.0,True,1.0,jev_ordinal,direcional,False,,0.62,1.0,True,True,True,True,0.0
longo-duplo-6-state+1-economic-2,longo,duplo,262,society,cascata,False,False,,False,,llm_ordinal,sem_evidencia,True,baixa_confianca_nivel,0.41,0.7,True,,,True,
longo-duplo-7-society+2-diplomatic+2,longo,duplo,249,economic,JEV,False,False,,True,0.0,jev_ordinal,sem_posicao,True,relevancia_ambigua,0.82,0.5800000000000001,False,,,False,
longo-duplo-7-society+2-diplomatic+2,longo,duplo,249,diplomatic,JEV,True,True,2.0,True,2.0,jev_ordinal,direcional,False,,1.0,1.0,True,True,True,True,0.0
longo-duplo-7-society+2-diplomatic+2,longo,duplo,249,state,JEV,False,False,,True,2.0,jev_ordinal,direcional,True,baixa_confianca_nivel,0.01,1.0,False,,,False,
longo-duplo-7-society+2-diplomatic+2,longo,duplo,249,society,JEV,True,True,2.0,True,2.0,jev_ordinal,direcional,False,,1.0,1.0,True,True,True,True,0.0
longo-duplo-7-society+2-diplomatic+2,longo,duplo,249,economic,cascata,False,False,,True,1.0,llm_ordinal,direcional,True,relevancia_ambigua,0.82,0.5800000000000001,False,,,False,
longo-duplo-7-society+2-diplomatic+2,longo,duplo,249,diplomatic,cascata,True,True,2.0,True,2.0,jev_ordinal,direcional,False,,1.0,1.0,True,True,True,True,0.0
longo-duplo-7-society+2-diplomatic+2,longo,duplo,249,state,cascata,False,False,,True,1.0,llm_ordinal,direcional,True,baixa_confianca_nivel,0.01,1.0,False,,,False,
longo-duplo-7-society+2-diplomatic+2,longo,duplo,249,society,cascata,True,True,2.0,True,2.0,jev_ordinal,direcional,False,,1.0,1.0,True,True,True,True,0.0
longo-misto-economic,longo,misto,259,economic,JEV,True,True,0.0,True,-1.0,jev_ordinal,direcional,False,,0.76,1.0,True,False,False,False,1.0
longo-misto-economic,longo,misto,259,diplomatic,JEV,False,False,,False,,jev_ordinal,sem_evidencia,False,,1.0,1.0,True,,,True,
longo-misto-economic,longo,misto,259,state,JEV,False,False,,False,,jev_ordinal,sem_evidencia,False,,0.96,0.96,True,,,True,
longo-misto-economic,longo,misto,259,society,JEV,False,False,,False,,jev_ordinal,sem_evidencia,True,relevancia_ambigua,0.96,0.36000000000000004,True,,,True,
longo-misto-economic,longo,misto,259,economic,cascata,True,True,0.0,True,-1.0,jev_ordinal,direcional,False,,0.76,1.0,True,False,False,False,1.0
longo-misto-economic,longo,misto,259,diplomatic,cascata,False,False,,False,,jev_ordinal,sem_evidencia,False,,1.0,1.0,True,,,True,
longo-misto-economic,longo,misto,259,state,cascata,False,False,,False,,jev_ordinal,sem_evidencia,False,,0.96,0.96,True,,,True,
longo-misto-economic,longo,misto,259,society,cascata,False,False,,False,,llm_ordinal,sem_evidencia,True,relevancia_ambigua,0.96,0.36000000000000004,True,,,True,
longo-misto-diplomatic,longo,misto,233,economic,JEV,False,False,,True,0.0,jev_ordinal,sem_posicao,True,relevancia_ambigua,0.95,0.06000000000000005,False,,,False,
longo-misto-diplomatic,longo,misto,233,diplomatic,JEV,True,True,0.0,True,0.0,jev_ordinal,sem_posicao,False,,0.58,1.0,True,True,True,True,0.0
longo-misto-diplomatic,longo,misto,233,state,JEV,False,False,,True,-1.0,jev_ordinal,direcional,True,relevancia_ambigua,0.83,0.34,False,,,False,
longo-misto-diplomatic,longo,misto,233,society,JEV,False,False,,False,,jev_ordinal,sem_evidencia,False,,0.93,0.74,True,,,True,
longo-misto-diplomatic,longo,misto,233,economic,cascata,False,False,,True,1.0,llm_ordinal,direcional,True,relevancia_ambigua,0.95,0.06000000000000005,False,,,False,
longo-misto-diplomatic,longo,misto,233,diplomatic,cascata,True,True,0.0,True,0.0,jev_ordinal,sem_posicao,False,,0.58,1.0,True,True,True,True,0.0
longo-misto-diplomatic,longo,misto,233,state,cascata,False,False,,True,-1.0,llm_ordinal,direcional,True,relevancia_ambigua,0.83,0.34,False,,,False,
longo-misto-diplomatic,longo,misto,233,society,cascata,False,False,,False,,jev_ordinal,sem_evidencia,False,,0.93,0.74,True,,,True,
longo-misto-state,longo,misto,242,economic,JEV,False,False,,False,,jev_ordinal,sem_evidencia,False,,1.0,1.0,True,,,True,
longo-misto-state,longo,misto,242,diplomatic,JEV,False,False,,False,,jev_ordinal,sem_evidencia,False,,0.99,1.0,True,,,True,
longo-misto-state,longo,misto,242,state,JEV,True,True,0.0,True,-1.0,jev_ordinal,direcional,True,baixa_confianca_nivel,0.48,1.0,True,False,False,False,1.0
longo-misto-state,longo,misto,242,society,JEV,False,False,,True,1.0,jev_ordinal,direcional,True,relevancia_ambigua,0.63,0.19999999999999996,False,,,False,
longo-misto-state,longo,misto,242,economic,cascata,False,False,,False,,jev_ordinal,sem_evidencia,False,,1.0,1.0,True,,,True,
longo-misto-state,longo,misto,242,diplomatic,cascata,False,False,,False,,jev_ordinal,sem_evidencia,False,,0.99,1.0,True,,,True,
longo-misto-state,longo,misto,242,state,cascata,True,True,0.0,True,1.0,llm_ordinal,direcional,True,baixa_confianca_nivel,0.48,1.0,True,False,False,False,1.0
longo-misto-state,longo,misto,242,society,cascata,False,False,,True,1.0,llm_ordinal,direcional,True,relevancia_ambigua,0.63,0.19999999999999996,False,,,False,
longo-misto-society,longo,misto,234,economic,JEV,False,False,,False,,jev_ordinal,sem_evidencia,True,relevancia_ambigua,0.91,0.56,True,,,True,
longo-misto-society,longo,misto,234,diplomatic,JEV,False,False,,False,,jev_ordinal,sem_evidencia,False,,1.0,1.0,True,,,True,
longo-misto-society,longo,misto,234,state,JEV,False,False,,True,1.0,jev_ordinal,direcional,False,,0.85,0.8999999999999999,False,,,False,
longo-misto-society,longo,misto,234,society,JEV,True,True,0.0,True,1.0,jev_ordinal,direcional,False,,0.88,1.0,True,False,False,False,1.0
longo-misto-society,longo,misto,234,economic,cascata,False,False,,False,,llm_ordinal,sem_evidencia,True,relevancia_ambigua,0.91,0.56,True,,,True,
longo-misto-society,longo,misto,234,diplomatic,cascata,False,False,,False,,jev_ordinal,sem_evidencia,False,,1.0,1.0,True,,,True,
longo-misto-society,longo,misto,234,state,cascata,False,False,,True,1.0,jev_ordinal,direcional,False,,0.85,0.8999999999999999,False,,,False,
longo-misto-society,longo,misto,234,society,cascata,True,True,0.0,True,1.0,jev_ordinal,direcional,False,,0.88,1.0,True,False,False,False,1.0
longo-nenhum-0,longo,nenhum,234,economic,JEV,False,False,,False,,jev_ordinal,sem_evidencia,False,,1.0,1.0,True,,,True,
longo-nenhum-0,longo,nenhum,234,diplomatic,JEV,False,False,,False,,jev_ordinal,sem_evidencia,False,,1.0,1.0,True,,,True,
longo-nenhum-0,longo,nenhum,234,state,JEV,False,False,,False,,jev_ordinal,sem_evidencia,False,,1.0,1.0,True,,,True,
longo-nenhum-0,longo,nenhum,234,society,JEV,False,False,,False,,jev_ordinal,sem_evidencia,False,,1.0,1.0,True,,,True,
longo-nenhum-0,longo,nenhum,234,economic,cascata,False,False,,False,,jev_ordinal,sem_evidencia,False,,1.0,1.0,True,,,True,
longo-nenhum-0,longo,nenhum,234,diplomatic,cascata,False,False,,False,,jev_ordinal,sem_evidencia,False,,1.0,1.0,True,,,True,
longo-nenhum-0,longo,nenhum,234,state,cascata,False,False,,False,,jev_ordinal,sem_evidencia,False,,1.0,1.0,True,,,True,
longo-nenhum-0,longo,nenhum,234,society,cascata,False,False,,False,,jev_ordinal,sem_evidencia,False,,1.0,1.0,True,,,True,
longo-nenhum-1,longo,nenhum,207,economic,JEV,False,False,,False,,jev_ordinal,sem_evidencia,False,,1.0,1.0,True,,,True,
longo-nenhum-1,longo,nenhum,207,diplomatic,JEV,False,False,,False,,jev_ordinal,sem_evidencia,False,,1.0,1.0,True,,,True,
longo-nenhum-1,longo,nenhum,207,state,JEV,False,False,,False,,jev_ordinal,sem_evidencia,False,,1.0,1.0,True,,,True,
longo-nenhum-1,longo,nenhum,207,society,JEV,False,False,,False,,jev_ordinal,sem_evidencia,False,,1.0,1.0,True,,,True,
longo-nenhum-1,longo,nenhum,207,economic,cascata,False,False,,False,,jev_ordinal,sem_evidencia,False,,1.0,1.0,True,,,True,
longo-nenhum-1,longo,nenhum,207,diplomatic,cascata,False,False,,False,,jev_ordinal,sem_evidencia,False,,1.0,1.0,True,,,True,
longo-nenhum-1,longo,nenhum,207,state,cascata,False,False,,False,,jev_ordinal,sem_evidencia,False,,1.0,1.0,True,,,True,
longo-nenhum-1,longo,nenhum,207,society,cascata,False,False,,False,,jev_ordinal,sem_evidencia,False,,1.0,1.0,True,,,True,
longo-nenhum-2,longo,nenhum,211,economic,JEV,False,False,,False,,jev_ordinal,sem_evidencia,False,,1.0,1.0,True,,,True,
longo-nenhum-2,longo,nenhum,211,diplomatic,JEV,False,False,,False,,jev_ordinal,sem_evidencia,False,,1.0,1.0,True,,,True,
longo-nenhum-2,longo,nenhum,211,state,JEV,False,False,,False,,jev_ordinal,sem_evidencia,False,,1.0,1.0,True,,,True,
longo-nenhum-2,longo,nenhum,211,society,JEV,False,False,,False,,jev_ordinal,sem_evidencia,False,,1.0,1.0,True,,,True,
longo-nenhum-2,longo,nenhum,211,economic,cascata,False,False,,False,,jev_ordinal,sem_evidencia,False,,1.0,1.0,True,,,True,
longo-nenhum-2,longo,nenhum,211,diplomatic,cascata,False,False,,False,,jev_ordinal,sem_evidencia,False,,1.0,1.0,True,,,True,
longo-nenhum-2,longo,nenhum,211,state,cascata,False,False,,False,,jev_ordinal,sem_evidencia,False,,1.0,1.0,True,,,True,
longo-nenhum-2,longo,nenhum,211,society,cascata,False,False,,False,,jev_ordinal,sem_evidencia,False,,1.0,1.0,True,,,True,
longo-nenhum-3,longo,nenhum,217,economic,JEV,False,False,,False,,jev_ordinal,sem_evidencia,False,,1.0,1.0,True,,,True,
longo-nenhum-3,longo,nenhum,217,diplomatic,JEV,False,False,,False,,jev_ordinal,sem_evidencia,False,,1.0,1.0,True,,,True,
longo-nenhum-3,longo,nenhum,217,state,JEV,False,False,,False,,jev_ordinal,sem_evidencia,False,,1.0,1.0,True,,,True,
longo-nenhum-3,longo,nenhum,217,society,JEV,False,False,,False,,jev_ordinal,sem_evidencia,False,,1.0,1.0,True,,,True,
longo-nenhum-3,longo,nenhum,217,economic,cascata,False,False,,False,,jev_ordinal,sem_evidencia,False,,1.0,1.0,True,,,True,
longo-nenhum-3,longo,nenhum,217,diplomatic,cascata,False,False,,False,,jev_ordinal,sem_evidencia,False,,1.0,1.0,True,,,True,
longo-nenhum-3,longo,nenhum,217,state,cascata,False,False,,False,,jev_ordinal,sem_evidencia,False,,1.0,1.0,True,,,True,
longo-nenhum-3,longo,nenhum,217,society,cascata,False,False,,False,,jev_ordinal,sem_evidencia,False,,1.0,1.0,True,,,True,
muito_longo-simples-economic--2,muito_longo,simples,694,economic,JEV,True,True,-2.0,True,-2.0,jev_ordinal,direcional,False,,1.0,1.0,True,True,True,True,0.0
muito_longo-simples-economic--2,muito_longo,simples,694,diplomatic,JEV,False,False,,False,,jev_ordinal,sem_evidencia,False,,1.0,1.0,True,,,True,
muito_longo-simples-economic--2,muito_longo,simples,694,state,JEV,False,False,,True,2.0,jev_ordinal,direcional,True,relevancia_ambigua; baixa_confianca_nivel,0.44,0.19999999999999996,False,,,False,
muito_longo-simples-economic--2,muito_longo,simples,694,society,JEV,False,False,,True,2.0,jev_ordinal,direcional,True,relevancia_ambigua,0.57,0.12000000000000005,False,,,False,
muito_longo-simples-economic--2,muito_longo,simples,694,economic,cascata,True,True,-2.0,True,-2.0,jev_ordinal,direcional,False,,1.0,1.0,True,True,True,True,0.0
muito_longo-simples-economic--2,muito_longo,simples,694,diplomatic,cascata,False,False,,False,,jev_ordinal,sem_evidencia,False,,1.0,1.0,True,,,True,
muito_longo-simples-economic--2,muito_longo,simples,694,state,cascata,False,False,,True,-2.0,llm_ordinal,direcional,True,relevancia_ambigua; baixa_confianca_nivel,0.44,0.19999999999999996,False,,,False,
muito_longo-simples-economic--2,muito_longo,simples,694,society,cascata,False,False,,False,,llm_ordinal,sem_evidencia,True,relevancia_ambigua,0.57,0.12000000000000005,True,,,True,
muito_longo-simples-economic--1,muito_longo,simples,616,economic,JEV,True,True,-1.0,True,-1.0,jev_ordinal,direcional,False,,0.99,1.0,True,True,True,True,0.0
muito_longo-simples-economic--1,muito_longo,simples,616,diplomatic,JEV,False,False,,False,,jev_ordinal,sem_evidencia,False,,1.0,1.0,True,,,True,
muito_longo-simples-economic--1,muito_longo,simples,616,state,JEV,False,False,,False,,jev_ordinal,sem_evidencia,False,,0.93,0.8999999999999999,True,,,True,
muito_longo-simples-economic--1,muito_longo,simples,616,society,JEV,False,False,,False,,jev_ordinal,sem_evidencia,False,,0.91,0.74,True,,,True,
muito_longo-simples-economic--1,muito_longo,simples,616,economic,cascata,True,True,-1.0,True,-1.0,jev_ordinal,direcional,False,,0.99,1.0,True,True,True,True,0.0
muito_longo-simples-economic--1,muito_longo,simples,616,diplomatic,cascata,False,False,,False,,jev_ordinal,sem_evidencia,False,,1.0,1.0,True,,,True,
muito_longo-simples-economic--1,muito_longo,simples,616,state,cascata,False,False,,False,,jev_ordinal,sem_evidencia,False,,0.93,0.8999999999999999,True,,,True,
muito_longo-simples-economic--1,muito_longo,simples,616,society,cascata,False,False,,False,,jev_ordinal,sem_evidencia,False,,0.91,0.74,True,,,True,
muito_longo-simples-economic-+0,muito_longo,simples,583,economic,JEV,True,,0.0,False,,jev_ordinal,sem_evidencia,True,relevancia_ambigua,1.0,0.39999999999999997,True,True,True,True,
muito_longo-simples-economic-+0,muito_longo,simples,583,diplomatic,JEV,False,False,,False,,jev_ordinal,sem_evidencia,False,,1.0,1.0,True,,,True,
muito_longo-simples-economic-+0,muito_longo,simples,583,state,JEV,False,False,,False,,jev_ordinal,sem_evidencia,False,,1.0,1.0,True,,,True,
muito_longo-simples-economic-+0,muito_longo,simples,583,society,JEV,False,False,,False,,jev_ordinal,sem_evidencia,False,,1.0,1.0,True,,,True,
muito_longo-simples-economic-+0,muito_longo,simples,583,economic,cascata,True,,0.0,False,,llm_ordinal,sem_evidencia,True,relevancia_ambigua,1.0,0.39999999999999997,True,True,True,True,
muito_longo-simples-economic-+0,muito_longo,simples,583,diplomatic,cascata,False,False,,False,,jev_ordinal,sem_evidencia,False,,1.0,1.0,True,,,True,
muito_longo-simples-economic-+0,muito_longo,simples,583,state,cascata,False,False,,False,,jev_ordinal,sem_evidencia,False,,1.0,1.0,True,,,True,
muito_longo-simples-economic-+0,muito_longo,simples,583,society,cascata,False,False,,False,,jev_ordinal,sem_evidencia,False,,1.0,1.0,True,,,True,
muito_longo-simples-economic-+1,muito_longo,simples,582,economic,JEV,True,True,1.0,True,1.0,jev_ordinal,direcional,False,,0.97,1.0,True,True,True,True,0.0
muito_longo-simples-economic-+1,muito_longo,simples,582,diplomatic,JEV,False,False,,False,,jev_ordinal,sem_evidencia,False,,1.0,1.0,True,,,True,
muito_longo-simples-economic-+1,muito_longo,simples,582,state,JEV,False,False,,False,,jev_ordinal,sem_evidencia,False,,0.63,0.96,True,,,True,
muito_longo-simples-economic-+1,muito_longo,simples,582,society,JEV,False,False,,False,,jev_ordinal,sem_evidencia,True,relevancia_ambigua,0.89,0.020000000000000018,True,,,True,
muito_longo-simples-economic-+1,muito_longo,simples,582,economic,cascata,True,True,1.0,True,1.0,jev_ordinal,direcional,False,,0.97,1.0,True,True,True,True,0.0
muito_longo-simples-economic-+1,muito_longo,simples,582,diplomatic,cascata,False,False,,False,,jev_ordinal,sem_evidencia,False,,1.0,1.0,True,,,True,
muito_longo-simples-economic-+1,muito_longo,simples,582,state,cascata,False,False,,False,,jev_ordinal,sem_evidencia,False,,0.63,0.96,True,,,True,
muito_longo-simples-economic-+1,muito_longo,simples,582,society,cascata,False,False,,False,,llm_ordinal,sem_evidencia,True,relevancia_ambigua,0.89,0.020000000000000018,True,,,True,
muito_longo-simples-economic-+2,muito_longo,simples,628,economic,JEV,True,True,2.0,True,2.0,jev_ordinal,direcional,False,,1.0,1.0,True,True,True,True,0.0
muito_longo-simples-economic-+2,muito_longo,simples,628,diplomatic,JEV,False,False,,False,,jev_ordinal,sem_evidencia,False,,0.99,1.0,True,,,True,
muito_longo-simples-economic-+2,muito_longo,simples,628,state,JEV,False,False,,True,0.0,jev_ordinal,sem_posicao,True,relevancia_ambigua; baixa_confianca_nivel,0.23,0.30000000000000004,False,,,False,
muito_longo-simples-economic-+2,muito_longo,simples,628,society,JEV,False,False,,True,2.0,jev_ordinal,direcional,True,relevancia_ambigua,0.57,0.24,False,,,False,
muito_longo-simples-economic-+2,muito_longo,simples,628,economic,cascata,True,True,2.0,True,2.0,jev_ordinal,direcional,False,,1.0,1.0,True,True,True,True,0.0
muito_longo-simples-economic-+2,muito_longo,simples,628,diplomatic,cascata,False,False,,False,,jev_ordinal,sem_evidencia,False,,0.99,1.0,True,,,True,
muito_longo-simples-economic-+2,muito_longo,simples,628,state,cascata,False,False,,False,,llm_ordinal,sem_evidencia,True,relevancia_ambigua; baixa_confianca_nivel,0.23,0.30000000000000004,True,,,True,
muito_longo-simples-economic-+2,muito_longo,simples,628,society,cascata,False,False,,False,,llm_ordinal,sem_evidencia,True,relevancia_ambigua,0.57,0.24,True,,,True,
muito_longo-simples-diplomatic--2,muito_longo,simples,626,economic,JEV,False,False,,True,0.0,jev_ordinal,sem_posicao,False,,0.82,0.76,False,,,False,
muito_longo-simples-diplomatic--2,muito_longo,simples,626,diplomatic,JEV,True,True,-2.0,True,-2.0,jev_ordinal,direcional,False,,1.0,1.0,True,True,True,True,0.0
muito_longo-simples-diplomatic--2,muito_longo,simples,626,state,JEV,False,False,,True,-2.0,jev_ordinal,direcional,False,,0.85,0.94,False,,,False,
muito_longo-simples-diplomatic--2,muito_longo,simples,626,society,JEV,False,False,,False,,jev_ordinal,sem_evidencia,False,,0.85,0.7,True,,,True,
muito_longo-simples-diplomatic--2,muito_longo,simples,626,economic,cascata,False,False,,True,0.0,jev_ordinal,sem_posicao,False,,0.82,0.76,False,,,False,
muito_longo-simples-diplomatic--2,muito_longo,simples,626,diplomatic,cascata,True,True,-2.0,True,-2.0,jev_ordinal,direcional,False,,1.0,1.0,True,True,True,True,0.0
muito_longo-simples-diplomatic--2,muito_longo,simples,626,state,cascata,False,False,,True,-2.0,jev_ordinal,direcional,False,,0.85,0.94,False,,,False,
muito_longo-simples-diplomatic--2,muito_longo,simples,626,society,cascata,False,False,,False,,jev_ordinal,sem_evidencia,False,,0.85,0.7,True,,,True,
muito_longo-simples-diplomatic--1,muito_longo,simples,582,economic,JEV,False,False,,True,0.0,jev_ordinal,sem_posicao,False,,0.87,0.72,False,,,False,
muito_longo-simples-diplomatic--1,muito_longo,simples,582,diplomatic,JEV,True,True,-1.0,True,-1.0,jev_ordinal,direcional,False,,0.97,1.0,True,True,True,True,0.0
muito_longo-simples-diplomatic--1,muito_longo,simples,582,state,JEV,False,False,,True,-1.0,jev_ordinal,direcional,True,relevancia_ambigua,0.92,0.32,False,,,False,
muito_longo-simples-diplomatic--1,muito_longo,simples,582,society,JEV,False,False,,False,,jev_ordinal,sem_evidencia,True,relevancia_ambigua,0.9,0.56,True,,,True,
muito_longo-simples-diplomatic--1,muito_longo,simples,582,economic,cascata,False,False,,True,0.0,jev_ordinal,sem_posicao,False,,0.87,0.72,False,,,False,
muito_longo-simples-diplomatic--1,muito_longo,simples,582,diplomatic,cascata,True,True,-1.0,True,-1.0,jev_ordinal,direcional,False,,0.97,1.0,True,True,True,True,0.0
muito_longo-simples-diplomatic--1,muito_longo,simples,582,state,cascata,False,False,,True,1.0,llm_ordinal,direcional,True,relevancia_ambigua,0.92,0.32,False,,,False,
muito_longo-simples-diplomatic--1,muito_longo,simples,582,society,cascata,False,False,,False,,llm_ordinal,sem_evidencia,True,relevancia_ambigua,0.9,0.56,True,,,True,
muito_longo-simples-diplomatic-+0,muito_longo,simples,530,economic,JEV,False,False,,False,,jev_ordinal,sem_evidencia,False,,1.0,1.0,True,,,True,
muito_longo-simples-diplomatic-+0,muito_longo,simples,530,diplomatic,JEV,True,,0.0,True,0.0,jev_ordinal,sem_posicao,False,,1.0,0.78,True,True,True,True,0.0
muito_longo-simples-diplomatic-+0,muito_longo,simples,530,state,JEV,False,False,,False,,jev_ordinal,sem_evidencia,False,,1.0,1.0,True,,,True,
muito_longo-simples-diplomatic-+0,muito_longo,simples,530,society,JEV,False,False,,False,,jev_ordinal,sem_evidencia,False,,1.0,1.0,True,,,True,
muito_longo-simples-diplomatic-+0,muito_longo,simples,530,economic,cascata,False,False,,False,,jev_ordinal,sem_evidencia,False,,1.0,1.0,True,,,True,
muito_longo-simples-diplomatic-+0,muito_longo,simples,530,diplomatic,cascata,True,,0.0,True,0.0,jev_ordinal,sem_posicao,False,,1.0,0.78,True,True,True,True,0.0
muito_longo-simples-diplomatic-+0,muito_longo,simples,530,state,cascata,False,False,,False,,jev_ordinal,sem_evidencia,False,,1.0,1.0,True,,,True,
muito_longo-simples-diplomatic-+0,muito_longo,simples,530,society,cascata,False,False,,False,,jev_ordinal,sem_evidencia,False,,1.0,1.0,True,,,True,
muito_longo-simples-diplomatic-+1,muito_longo,simples,559,economic,JEV,False,False,,False,,jev_ordinal,sem_evidencia,False,,1.0,0.8799999999999999,True,,,True,
muito_longo-simples-diplomatic-+1,muito_longo,simples,559,diplomatic,JEV,True,True,1.0,True,1.0,jev_ordinal,direcional,False,,0.98,1.0,True,True,True,True,0.0
muito_longo-simples-diplomatic-+1,muito_longo,simples,559,state,JEV,False,False,,False,,jev_ordinal,sem_evidencia,True,relevancia_ambigua,0.86,0.6599999999999999,True,,,True,
muito_longo-simples-diplomatic-+1,muito_longo,simples,559,society,JEV,False,False,,True,0.0,jev_ordinal,sem_posicao,True,relevancia_ambigua,0.85,0.28,False,,,False,
muito_longo-simples-diplomatic-+1,muito_longo,simples,559,economic,cascata,False,False,,False,,jev_ordinal,sem_evidencia,False,,1.0,0.8799999999999999,True,,,True,
muito_longo-simples-diplomatic-+1,muito_longo,simples,559,diplomatic,cascata,True,True,1.0,True,1.0,jev_ordinal,direcional,False,,0.98,1.0,True,True,True,True,0.0
muito_longo-simples-diplomatic-+1,muito_longo,simples,559,state,cascata,False,False,,True,1.0,llm_ordinal,direcional,True,relevancia_ambigua,0.86,0.6599999999999999,False,,,False,
muito_longo-simples-diplomatic-+1,muito_longo,simples,559,society,cascata,False,False,,False,,llm_ordinal,sem_evidencia,True,relevancia_ambigua,0.85,0.28,True,,,True,
muito_longo-simples-diplomatic-+2,muito_longo,simples,600,economic,JEV,False,False,,True,0.0,jev_ordinal,sem_posicao,True,relevancia_ambigua,0.91,0.26,False,,,False,
muito_longo-simples-diplomatic-+2,muito_longo,simples,600,diplomatic,JEV,True,True,2.0,True,2.0,jev_ordinal,direcional,False,,1.0,1.0,True,True,True,True,0.0
muito_longo-simples-diplomatic-+2,muito_longo,simples,600,state,JEV,False,False,,True,2.0,jev_ordinal,direcional,True,baixa_confianca_nivel,0.32,0.9199999999999999,False,,,False,
muito_longo-simples-diplomatic-+2,muito_longo,simples,600,society,JEV,False,False,,True,2.0,jev_ordinal,direcional,True,relevancia_ambigua,0.8,0.30000000000000004,False,,,False,
muito_longo-simples-diplomatic-+2,muito_longo,simples,600,economic,cascata,False,False,,False,,llm_ordinal,sem_evidencia,True,relevancia_ambigua,0.91,0.26,True,,,True,
muito_longo-simples-diplomatic-+2,muito_longo,simples,600,diplomatic,cascata,True,True,2.0,True,2.0,jev_ordinal,direcional,False,,1.0,1.0,True,True,True,True,0.0
muito_longo-simples-diplomatic-+2,muito_longo,simples,600,state,cascata,False,False,,True,-2.0,llm_ordinal,direcional,True,baixa_confianca_nivel,0.32,0.9199999999999999,False,,,False,
muito_longo-simples-diplomatic-+2,muito_longo,simples,600,society,cascata,False,False,,True,2.0,llm_ordinal,direcional,True,relevancia_ambigua,0.8,0.30000000000000004,False,,,False,
muito_longo-simples-state--2,muito_longo,simples,591,economic,JEV,False,False,,False,,jev_ordinal,sem_evidencia,False,,0.99,1.0,True,,,True,
muito_longo-simples-state--2,muito_longo,simples,591,diplomatic,JEV,False,False,,False,,jev_ordinal,sem_evidencia,False,,0.95,1.0,True,,,True,
muito_longo-simples-state--2,muito_longo,simples,591,state,JEV,True,True,-2.0,True,-2.0,jev_ordinal,direcional,False,,0.86,1.0,True,True,True,True,0.0
muito_longo-simples-state--2,muito_longo,simples,591,society,JEV,False,False,,False,,jev_ordinal,sem_evidencia,True,relevancia_ambigua,0.81,0.56,True,,,True,
muito_longo-simples-state--2,muito_longo,simples,591,economic,cascata,False,False,,False,,jev_ordinal,sem_evidencia,False,,0.99,1.0,True,,,True,
muito_longo-simples-state--2,muito_longo,simples,591,diplomatic,cascata,False,False,,False,,jev_ordinal,sem_evidencia,False,,0.95,1.0,True,,,True,
muito_longo-simples-state--2,muito_longo,simples,591,state,cascata,True,True,-2.0,True,-2.0,jev_ordinal,direcional,False,,0.86,1.0,True,True,True,True,0.0
muito_longo-simples-state--2,muito_longo,simples,591,society,cascata,False,False,,False,,llm_ordinal,sem_evidencia,True,relevancia_ambigua,0.81,0.56,True,,,True,
muito_longo-simples-state--1,muito_longo,simples,544,economic,JEV,False,False,,False,,jev_ordinal,sem_evidencia,False,,1.0,1.0,True,,,True,
muito_longo-simples-state--1,muito_longo,simples,544,diplomatic,JEV,False,False,,False,,jev_ordinal,sem_evidencia,False,,0.99,1.0,True,,,True,
muito_longo-simples-state--1,muito_longo,simples,544,state,JEV,True,True,-1.0,True,-1.0,jev_ordinal,direcional,False,,0.98,1.0,True,True,True,True,0.0
muito_longo-simples-state--1,muito_longo,simples,544,society,JEV,False,False,,True,0.0,jev_ordinal,sem_posicao,True,relevancia_ambigua,0.77,0.37999999999999995,False,,,False,
muito_longo-simples-state--1,muito_longo,simples,544,economic,cascata,False,False,,False,,jev_ordinal,sem_evidencia,False,,1.0,1.0,True,,,True,
muito_longo-simples-state--1,muito_longo,simples,544,diplomatic,cascata,False,False,,False,,jev_ordinal,sem_evidencia,False,,0.99,1.0,True,,,True,
muito_longo-simples-state--1,muito_longo,simples,544,state,cascata,True,True,-1.0,True,-1.0,jev_ordinal,direcional,False,,0.98,1.0,True,True,True,True,0.0
muito_longo-simples-state--1,muito_longo,simples,544,society,cascata,False,False,,False,,llm_ordinal,sem_evidencia,True,relevancia_ambigua,0.77,0.37999999999999995,True,,,True,
muito_longo-simples-state-+0,muito_longo,simples,547,economic,JEV,False,False,,False,,jev_ordinal,sem_evidencia,False,,1.0,1.0,True,,,True,
muito_longo-simples-state-+0,muito_longo,simples,547,diplomatic,JEV,False,False,,False,,jev_ordinal,sem_evidencia,False,,1.0,1.0,True,,,True,
muito_longo-simples-state-+0,muito_longo,simples,547,state,JEV,True,,0.0,False,,jev_ordinal,sem_evidencia,True,relevancia_ambigua,1.0,0.39999999999999997,True,True,True,True,
muito_longo-simples-state-+0,muito_longo,simples,547,society,JEV,False,False,,False,,jev_ordinal,sem_evidencia,True,relevancia_ambigua,0.99,0.54,True,,,True,
muito_longo-simples-state-+0,muito_longo,simples,547,economic,cascata,False,False,,False,,jev_ordinal,sem_evidencia,False,,1.0,1.0,True,,,True,
muito_longo-simples-state-+0,muito_longo,simples,547,diplomatic,cascata,False,False,,False,,jev_ordinal,sem_evidencia,False,,1.0,1.0,True,,,True,
muito_longo-simples-state-+0,muito_longo,simples,547,state,cascata,True,,0.0,False,,llm_ordinal,sem_evidencia,True,relevancia_ambigua,1.0,0.39999999999999997,True,True,True,True,
muito_longo-simples-state-+0,muito_longo,simples,547,society,cascata,False,False,,False,,llm_ordinal,sem_evidencia,True,relevancia_ambigua,0.99,0.54,True,,,True,
muito_longo-simples-state-+1,muito_longo,simples,557,economic,JEV,False,False,,False,,jev_ordinal,sem_evidencia,True,relevancia_ambigua,0.93,0.6200000000000001,True,,,True,
muito_longo-simples-state-+1,muito_longo,simples,557,diplomatic,JEV,False,False,,False,,jev_ordinal,sem_evidencia,False,,1.0,1.0,True,,,True,
muito_longo-simples-state-+1,muito_longo,simples,557,state,JEV,True,True,1.0,True,1.0,jev_ordinal,direcional,False,,0.97,1.0,True,True,True,True,0.0
muito_longo-simples-state-+1,muito_longo,simples,557,society,JEV,False,False,,True,1.0,jev_ordinal,direcional,True,relevancia_ambigua,0.64,0.12000000000000005,False,,,False,
muito_longo-simples-state-+1,muito_longo,simples,557,economic,cascata,False,False,,False,,llm_ordinal,sem_evidencia,True,relevancia_ambigua,0.93,0.6200000000000001,True,,,True,
muito_longo-simples-state-+1,muito_longo,simples,557,diplomatic,cascata,False,False,,False,,jev_ordinal,sem_evidencia,False,,1.0,1.0,True,,,True,
muito_longo-simples-state-+1,muito_longo,simples,557,state,cascata,True,True,1.0,True,1.0,jev_ordinal,direcional,False,,0.97,1.0,True,True,True,True,0.0
muito_longo-simples-state-+1,muito_longo,simples,557,society,cascata,False,False,,True,1.0,llm_ordinal,direcional,True,relevancia_ambigua,0.64,0.12000000000000005,False,,,False,
muito_longo-simples-state-+2,muito_longo,simples,590,economic,JEV,False,False,,False,,jev_ordinal,sem_evidencia,False,,0.96,1.0,True,,,True,
muito_longo-simples-state-+2,muito_longo,simples,590,diplomatic,JEV,False,False,,False,,jev_ordinal,sem_evidencia,False,,0.94,0.96,True,,,True,
muito_longo-simples-state-+2,muito_longo,simples,590,state,JEV,True,True,2.0,True,2.0,jev_ordinal,direcional,False,,1.0,1.0,True,True,True,True,0.0
muito_longo-simples-state-+2,muito_longo,simples,590,society,JEV,False,False,,True,2.0,jev_ordinal,direcional,True,relevancia_ambigua,0.94,0.6599999999999999,False,,,False,
muito_longo-simples-state-+2,muito_longo,simples,590,economic,cascata,False,False,,False,,jev_ordinal,sem_evidencia,False,,0.96,1.0,True,,,True,
muito_longo-simples-state-+2,muito_longo,simples,590,diplomatic,cascata,False,False,,False,,jev_ordinal,sem_evidencia,False,,0.94,0.96,True,,,True,
muito_longo-simples-state-+2,muito_longo,simples,590,state,cascata,True,True,2.0,True,2.0,jev_ordinal,direcional,False,,1.0,1.0,True,True,True,True,0.0
muito_longo-simples-state-+2,muito_longo,simples,590,society,cascata,False,False,,True,1.0,llm_ordinal,direcional,True,relevancia_ambigua,0.94,0.6599999999999999,False,,,False,
muito_longo-simples-society--2,muito_longo,simples,594,economic,JEV,False,False,,False,,jev_ordinal,sem_evidencia,False,,0.99,0.8799999999999999,True,,,True,
muito_longo-simples-society--2,muito_longo,simples,594,diplomatic,JEV,False,False,,False,,jev_ordinal,sem_evidencia,False,,0.93,1.0,True,,,True,
muito_longo-simples-society--2,muito_longo,simples,594,state,JEV,False,False,,True,-2.0,jev_ordinal,direcional,False,,0.86,1.0,False,,,False,
muito_longo-simples-society--2,muito_longo,simples,594,society,JEV,True,True,-2.0,True,-2.0,jev_ordinal,direcional,False,,0.99,1.0,True,True,True,True,0.0
muito_longo-simples-society--2,muito_longo,simples,594,economic,cascata,False,False,,False,,jev_ordinal,sem_evidencia,False,,0.99,0.8799999999999999,True,,,True,
muito_longo-simples-society--2,muito_longo,simples,594,diplomatic,cascata,False,False,,False,,jev_ordinal,sem_evidencia,False,,0.93,1.0,True,,,True,
muito_longo-simples-society--2,muito_longo,simples,594,state,cascata,False,False,,True,-2.0,jev_ordinal,direcional,False,,0.86,1.0,False,,,False,
muito_longo-simples-society--2,muito_longo,simples,594,society,cascata,True,True,-2.0,True,-2.0,jev_ordinal,direcional,False,,0.99,1.0,True,True,True,True,0.0
muito_longo-simples-society--1,muito_longo,simples,565,economic,JEV,False,False,,False,,jev_ordinal,sem_evidencia,False,,0.94,0.8400000000000001,True,,,True,
muito_longo-simples-society--1,muito_longo,simples,565,diplomatic,JEV,False,False,,False,,jev_ordinal,sem_evidencia,False,,0.93,1.0,True,,,True,
muito_longo-simples-society--1,muito_longo,simples,565,state,JEV,False,False,,True,1.0,jev_ordinal,direcional,True,baixa_confianca_nivel,0.49,0.96,False,,,False,
muito_longo-simples-society--1,muito_longo,simples,565,society,JEV,True,True,-1.0,True,-1.0,jev_ordinal,direcional,False,,0.88,1.0,True,True,True,True,0.0
muito_longo-simples-society--1,muito_longo,simples,565,economic,cascata,False,False,,False,,jev_ordinal,sem_evidencia,False,,0.94,0.8400000000000001,True,,,True,
muito_longo-simples-society--1,muito_longo,simples,565,diplomatic,cascata,False,False,,False,,jev_ordinal,sem_evidencia,False,,0.93,1.0,True,,,True,
muito_longo-simples-society--1,muito_longo,simples,565,state,cascata,False,False,,True,1.0,llm_ordinal,direcional,True,baixa_confianca_nivel,0.49,0.96,False,,,False,
muito_longo-simples-society--1,muito_longo,simples,565,society,cascata,True,True,-1.0,True,-1.0,jev_ordinal,direcional,False,,0.88,1.0,True,True,True,True,0.0
muito_longo-simples-society-+0,muito_longo,simples,545,economic,JEV,False,False,,True,0.0,jev_ordinal,sem_posicao,True,relevancia_ambigua,0.77,0.24,False,,,False,
muito_longo-simples-society-+0,muito_longo,simples,545,diplomatic,JEV,False,False,,False,,jev_ordinal,sem_evidencia,False,,1.0,1.0,True,,,True,
muito_longo-simples-society-+0,muito_longo,simples,545,state,JEV,False,False,,False,,jev_ordinal,sem_evidencia,False,,1.0,1.0,True,,,True,
muito_longo-simples-society-+0,muito_longo,simples,545,society,JEV,True,,0.0,True,0.0,jev_ordinal,sem_posicao,False,,1.0,0.74,True,True,True,True,0.0
muito_longo-simples-society-+0,muito_longo,simples,545,economic,cascata,False,False,,True,1.0,llm_ordinal,direcional,True,relevancia_ambigua,0.77,0.24,False,,,False,
muito_longo-simples-society-+0,muito_longo,simples,545,diplomatic,cascata,False,False,,False,,jev_ordinal,sem_evidencia,False,,1.0,1.0,True,,,True,
muito_longo-simples-society-+0,muito_longo,simples,545,state,cascata,False,False,,False,,jev_ordinal,sem_evidencia,False,,1.0,1.0,True,,,True,
muito_longo-simples-society-+0,muito_longo,simples,545,society,cascata,True,,0.0,True,0.0,jev_ordinal,sem_posicao,False,,1.0,0.74,True,True,True,True,0.0
muito_longo-simples-society-+1,muito_longo,simples,546,economic,JEV,False,False,,False,,jev_ordinal,sem_evidencia,True,relevancia_ambigua,0.7,0.21999999999999997,True,,,True,
muito_longo-simples-society-+1,muito_longo,simples,546,diplomatic,JEV,False,False,,False,,jev_ordinal,sem_evidencia,False,,1.0,1.0,True,,,True,
muito_longo-simples-society-+1,muito_longo,simples,546,state,JEV,False,False,,True,1.0,jev_ordinal,direcional,False,,0.83,0.8200000000000001,False,,,False,
muito_longo-simples-society-+1,muito_longo,simples,546,society,JEV,True,True,1.0,True,1.0,jev_ordinal,direcional,False,,0.74,1.0,True,True,True,True,0.0
muito_longo-simples-society-+1,muito_longo,simples,546,economic,cascata,False,False,,False,,llm_ordinal,sem_evidencia,True,relevancia_ambigua,0.7,0.21999999999999997,True,,,True,
muito_longo-simples-society-+1,muito_longo,simples,546,diplomatic,cascata,False,False,,False,,jev_ordinal,sem_evidencia,False,,1.0,1.0,True,,,True,
muito_longo-simples-society-+1,muito_longo,simples,546,state,cascata,False,False,,True,1.0,jev_ordinal,direcional,False,,0.83,0.8200000000000001,False,,,False,
muito_longo-simples-society-+1,muito_longo,simples,546,society,cascata,True,True,1.0,True,1.0,jev_ordinal,direcional,False,,0.74,1.0,True,True,True,True,0.0
muito_longo-simples-society-+2,muito_longo,simples,627,economic,JEV,False,False,,False,,jev_ordinal,sem_evidencia,True,relevancia_ambigua,0.98,0.30000000000000004,True,,,True,
muito_longo-simples-society-+2,muito_longo,simples,627,diplomatic,JEV,False,False,,False,,jev_ordinal,sem_evidencia,False,,0.99,1.0,True,,,True,
muito_longo-simples-society-+2,muito_longo,simples,627,state,JEV,False,False,,True,2.0,jev_ordinal,direcional,True,baixa_confianca_nivel,0.15,1.0,False,,,False,
muito_longo-simples-society-+2,muito_longo,simples,627,society,JEV,True,True,2.0,True,2.0,jev_ordinal,direcional,False,,1.0,1.0,True,True,True,True,0.0
muito_longo-simples-society-+2,muito_longo,simples,627,economic,cascata,False,False,,False,,llm_ordinal,sem_evidencia,True,relevancia_ambigua,0.98,0.30000000000000004,True,,,True,
muito_longo-simples-society-+2,muito_longo,simples,627,diplomatic,cascata,False,False,,False,,jev_ordinal,sem_evidencia,False,,0.99,1.0,True,,,True,
muito_longo-simples-society-+2,muito_longo,simples,627,state,cascata,False,False,,True,2.0,llm_ordinal,direcional,True,baixa_confianca_nivel,0.15,1.0,False,,,False,
muito_longo-simples-society-+2,muito_longo,simples,627,society,cascata,True,True,2.0,True,2.0,jev_ordinal,direcional,False,,1.0,1.0,True,True,True,True,0.0
muito_longo-duplo-0-economic+2-society+1,muito_longo,duplo,607,economic,JEV,True,True,2.0,True,2.0,jev_ordinal,direcional,False,,1.0,1.0,True,True,True,True,0.0
muito_longo-duplo-0-economic+2-society+1,muito_longo,duplo,607,diplomatic,JEV,False,False,,False,,jev_ordinal,sem_evidencia,False,,1.0,1.0,True,,,True,
muito_longo-duplo-0-economic+2-society+1,muito_longo,duplo,607,state,JEV,False,False,,True,1.0,jev_ordinal,direcional,False,,0.51,0.78,False,,,False,
muito_longo-duplo-0-economic+2-society+1,muito_longo,duplo,607,society,JEV,True,True,1.0,True,2.0,jev_ordinal,direcional,False,,0.79,0.98,True,True,False,True,1.0
muito_longo-duplo-0-economic+2-society+1,muito_longo,duplo,607,economic,cascata,True,True,2.0,True,2.0,jev_ordinal,direcional,False,,1.0,1.0,True,True,True,True,0.0
muito_longo-duplo-0-economic+2-society+1,muito_longo,duplo,607,diplomatic,cascata,False,False,,False,,jev_ordinal,sem_evidencia,False,,1.0,1.0,True,,,True,
muito_longo-duplo-0-economic+2-society+1,muito_longo,duplo,607,state,cascata,False,False,,True,1.0,jev_ordinal,direcional,False,,0.51,0.78,False,,,False,
muito_longo-duplo-0-economic+2-society+1,muito_longo,duplo,607,society,cascata,True,True,1.0,True,2.0,jev_ordinal,direcional,False,,0.79,0.98,True,True,False,True,1.0
muito_longo-duplo-1-economic-1-state-2,muito_longo,duplo,605,economic,JEV,True,True,-1.0,True,-1.0,jev_ordinal,direcional,False,,0.96,1.0,True,True,True,True,0.0
muito_longo-duplo-1-economic-1-state-2,muito_longo,duplo,605,diplomatic,JEV,False,False,,False,,jev_ordinal,sem_evidencia,False,,0.97,1.0,True,,,True,
muito_longo-duplo-1-economic-1-state-2,muito_longo,duplo,605,state,JEV,True,True,-2.0,True,-2.0,jev_ordinal,direcional,False,,0.94,1.0,True,True,True,True,0.0
muito_longo-duplo-1-economic-1-state-2,muito_longo,duplo,605,society,JEV,False,False,,False,,jev_ordinal,sem_evidencia,True,relevancia_ambigua,0.77,0.10000000000000003,True,,,True,
muito_longo-duplo-1-economic-1-state-2,muito_longo,duplo,605,economic,cascata,True,True,-1.0,True,-1.0,jev_ordinal,direcional,False,,0.96,1.0,True,True,True,True,0.0
muito_longo-duplo-1-economic-1-state-2,muito_longo,duplo,605,diplomatic,cascata,False,False,,False,,jev_ordinal,sem_evidencia,False,,0.97,1.0,True,,,True,
muito_longo-duplo-1-economic-1-state-2,muito_longo,duplo,605,state,cascata,True,True,-2.0,True,-2.0,jev_ordinal,direcional,False,,0.94,1.0,True,True,True,True,0.0
muito_longo-duplo-1-economic-1-state-2,muito_longo,duplo,605,society,cascata,False,False,,False,,llm_ordinal,sem_evidencia,True,relevancia_ambigua,0.77,0.10000000000000003,True,,,True,
muito_longo-duplo-2-diplomatic-2-society-1,muito_longo,duplo,577,economic,JEV,False,False,,True,0.0,jev_ordinal,sem_posicao,False,,0.86,0.72,False,,,False,
muito_longo-duplo-2-diplomatic-2-society-1,muito_longo,duplo,577,diplomatic,JEV,True,True,-2.0,True,-2.0,jev_ordinal,direcional,False,,1.0,1.0,True,True,True,True,0.0
muito_longo-duplo-2-diplomatic-2-society-1,muito_longo,duplo,577,state,JEV,False,False,,True,-2.0,jev_ordinal,direcional,True,baixa_confianca_nivel,0.22,0.9199999999999999,False,,,False,
muito_longo-duplo-2-diplomatic-2-society-1,muito_longo,duplo,577,society,JEV,True,True,-1.0,True,-1.0,jev_ordinal,direcional,False,,0.89,0.96,True,True,True,True,0.0
muito_longo-duplo-2-diplomatic-2-society-1,muito_longo,duplo,577,economic,cascata,False,False,,True,0.0,jev_ordinal,sem_posicao,False,,0.86,0.72,False,,,False,
muito_longo-duplo-2-diplomatic-2-society-1,muito_longo,duplo,577,diplomatic,cascata,True,True,-2.0,True,-2.0,jev_ordinal,direcional,False,,1.0,1.0,True,True,True,True,0.0
muito_longo-duplo-2-diplomatic-2-society-1,muito_longo,duplo,577,state,cascata,False,False,,True,-2.0,llm_ordinal,direcional,True,baixa_confianca_nivel,0.22,0.9199999999999999,False,,,False,
muito_longo-duplo-2-diplomatic-2-society-1,muito_longo,duplo,577,society,cascata,True,True,-1.0,True,-1.0,jev_ordinal,direcional,False,,0.89,0.96,True,True,True,True,0.0
muito_longo-duplo-3-diplomatic+1-state+2,muito_longo,duplo,595,economic,JEV,False,False,,False,,jev_ordinal,sem_evidencia,False,,0.98,0.78,True,,,True,
muito_longo-duplo-3-diplomatic+1-state+2,muito_longo,duplo,595,diplomatic,JEV,True,True,1.0,True,1.0,jev_ordinal,direcional,False,,0.76,1.0,True,True,True,True,0.0
muito_longo-duplo-3-diplomatic+1-state+2,muito_longo,duplo,595,state,JEV,True,True,2.0,True,2.0,jev_ordinal,direcional,False,,1.0,1.0,True,True,True,True,0.0
muito_longo-duplo-3-diplomatic+1-state+2,muito_longo,duplo,595,society,JEV,False,False,,True,2.0,jev_ordinal,direcional,False,,0.82,0.8,False,,,False,
muito_longo-duplo-3-diplomatic+1-state+2,muito_longo,duplo,595,economic,cascata,False,False,,False,,jev_ordinal,sem_evidencia,False,,0.98,0.78,True,,,True,
muito_longo-duplo-3-diplomatic+1-state+2,muito_longo,duplo,595,diplomatic,cascata,True,True,1.0,True,1.0,jev_ordinal,direcional,False,,0.76,1.0,True,True,True,True,0.0
muito_longo-duplo-3-diplomatic+1-state+2,muito_longo,duplo,595,state,cascata,True,True,2.0,True,2.0,jev_ordinal,direcional,False,,1.0,1.0,True,True,True,True,0.0
muito_longo-duplo-3-diplomatic+1-state+2,muito_longo,duplo,595,society,cascata,False,False,,True,2.0,jev_ordinal,direcional,False,,0.82,0.8,False,,,False,
muito_longo-duplo-4-state-1-society-2,muito_longo,duplo,561,economic,JEV,False,False,,False,,jev_ordinal,sem_evidencia,False,,0.98,0.72,True,,,True,
muito_longo-duplo-4-state-1-society-2,muito_longo,duplo,561,diplomatic,JEV,False,False,,False,,jev_ordinal,sem_evidencia,False,,0.95,1.0,True,,,True,
muito_longo-duplo-4-state-1-society-2,muito_longo,duplo,561,state,JEV,True,True,-1.0,True,-2.0,jev_ordinal,direcional,False,,0.85,1.0,True,True,False,True,1.0
muito_longo-duplo-4-state-1-society-2,muito_longo,duplo,561,society,JEV,True,True,-2.0,True,-2.0,jev_ordinal,direcional,False,,1.0,1.0,True,True,True,True,0.0
muito_longo-duplo-4-state-1-society-2,muito_longo,duplo,561,economic,cascata,False,False,,False,,jev_ordinal,sem_evidencia,False,,0.98,0.72,True,,,True,
muito_longo-duplo-4-state-1-society-2,muito_longo,duplo,561,diplomatic,cascata,False,False,,False,,jev_ordinal,sem_evidencia,False,,0.95,1.0,True,,,True,
muito_longo-duplo-4-state-1-society-2,muito_longo,duplo,561,state,cascata,True,True,-1.0,True,-2.0,jev_ordinal,direcional,False,,0.85,1.0,True,True,False,True,1.0
muito_longo-duplo-4-state-1-society-2,muito_longo,duplo,561,society,cascata,True,True,-2.0,True,-2.0,jev_ordinal,direcional,False,,1.0,1.0,True,True,True,True,0.0
muito_longo-duplo-5-economic+1-diplomatic-1,muito_longo,duplo,579,economic,JEV,True,True,1.0,True,1.0,jev_ordinal,direcional,False,,0.8,1.0,True,True,True,True,0.0
muito_longo-duplo-5-economic+1-diplomatic-1,muito_longo,duplo,579,diplomatic,JEV,True,True,-1.0,True,-1.0,jev_ordinal,direcional,False,,0.94,1.0,True,True,True,True,0.0
muito_longo-duplo-5-economic+1-diplomatic-1,muito_longo,duplo,579,state,JEV,False,False,,False,,jev_ordinal,sem_evidencia,True,relevancia_ambigua,0.57,0.06000000000000005,True,,,True,
muito_longo-duplo-5-economic+1-diplomatic-1,muito_longo,duplo,579,society,JEV,False,False,,False,,jev_ordinal,sem_evidencia,True,relevancia_ambigua,0.95,0.24,True,,,True,
muito_longo-duplo-5-economic+1-diplomatic-1,muito_longo,duplo,579,economic,cascata,True,True,1.0,True,1.0,jev_ordinal,direcional,False,,0.8,1.0,True,True,True,True,0.0
muito_longo-duplo-5-economic+1-diplomatic-1,muito_longo,duplo,579,diplomatic,cascata,True,True,-1.0,True,-1.0,jev_ordinal,direcional,False,,0.94,1.0,True,True,True,True,0.0
muito_longo-duplo-5-economic+1-diplomatic-1,muito_longo,duplo,579,state,cascata,False,False,,True,-1.0,llm_ordinal,direcional,True,relevancia_ambigua,0.57,0.06000000000000005,False,,,False,
muito_longo-duplo-5-economic+1-diplomatic-1,muito_longo,duplo,579,society,cascata,False,False,,False,,llm_ordinal,sem_evidencia,True,relevancia_ambigua,0.95,0.24,True,,,True,
muito_longo-duplo-6-state+1-economic-2,muito_longo,duplo,613,economic,JEV,True,True,-2.0,True,-2.0,jev_ordinal,direcional,False,,1.0,1.0,True,True,True,True,0.0
muito_longo-duplo-6-state+1-economic-2,muito_longo,duplo,613,diplomatic,JEV,False,False,,False,,jev_ordinal,sem_evidencia,False,,0.99,1.0,True,,,True,
muito_longo-duplo-6-state+1-economic-2,muito_longo,duplo,613,state,JEV,True,True,1.0,True,1.0,jev_ordinal,direcional,False,,0.72,1.0,True,True,True,True,0.0
muito_longo-duplo-6-state+1-economic-2,muito_longo,duplo,613,society,JEV,False,False,,True,2.0,jev_ordinal,direcional,True,relevancia_ambigua; baixa_confianca_nivel,0.38,0.43999999999999995,False,,,False,
muito_longo-duplo-6-state+1-economic-2,muito_longo,duplo,613,economic,cascata,True,True,-2.0,True,-2.0,jev_ordinal,direcional,False,,1.0,1.0,True,True,True,True,0.0
muito_longo-duplo-6-state+1-economic-2,muito_longo,duplo,613,diplomatic,cascata,False,False,,False,,jev_ordinal,sem_evidencia,False,,0.99,1.0,True,,,True,
muito_longo-duplo-6-state+1-economic-2,muito_longo,duplo,613,state,cascata,True,True,1.0,True,1.0,jev_ordinal,direcional,False,,0.72,1.0,True,True,True,True,0.0
muito_longo-duplo-6-state+1-economic-2,muito_longo,duplo,613,society,cascata,False,False,,False,,llm_ordinal,sem_evidencia,True,relevancia_ambigua; baixa_confianca_nivel,0.38,0.43999999999999995,True,,,True,
muito_longo-duplo-7-society+2-diplomatic+2,muito_longo,duplo,585,economic,JEV,False,False,,True,0.0,jev_ordinal,sem_posicao,True,relevancia_ambigua,0.9,0.06000000000000005,False,,,False,
muito_longo-duplo-7-society+2-diplomatic+2,muito_longo,duplo,585,diplomatic,JEV,True,True,2.0,True,2.0,jev_ordinal,direcional,False,,1.0,1.0,True,True,True,True,0.0
muito_longo-duplo-7-society+2-diplomatic+2,muito_longo,duplo,585,state,JEV,False,False,,True,2.0,jev_ordinal,direcional,True,baixa_confianca_nivel,0.49,1.0,False,,,False,
muito_longo-duplo-7-society+2-diplomatic+2,muito_longo,duplo,585,society,JEV,True,True,2.0,True,2.0,jev_ordinal,direcional,False,,1.0,1.0,True,True,True,True,0.0
muito_longo-duplo-7-society+2-diplomatic+2,muito_longo,duplo,585,economic,cascata,False,False,,True,1.0,llm_ordinal,direcional,True,relevancia_ambigua,0.9,0.06000000000000005,False,,,False,
muito_longo-duplo-7-society+2-diplomatic+2,muito_longo,duplo,585,diplomatic,cascata,True,True,2.0,True,2.0,jev_ordinal,direcional,False,,1.0,1.0,True,True,True,True,0.0
muito_longo-duplo-7-society+2-diplomatic+2,muito_longo,duplo,585,state,cascata,False,False,,True,1.0,llm_ordinal,direcional,True,baixa_confianca_nivel,0.49,1.0,False,,,False,
muito_longo-duplo-7-society+2-diplomatic+2,muito_longo,duplo,585,society,cascata,True,True,2.0,True,2.0,jev_ordinal,direcional,False,,1.0,1.0,True,True,True,True,0.0
muito_longo-misto-economic,muito_longo,misto,586,economic,JEV,True,True,0.0,True,,jev_ordinal,empate,True,empate_nivel,0.52,1.0,True,False,False,False,
muito_longo-misto-economic,muito_longo,misto,586,diplomatic,JEV,False,False,,False,,jev_ordinal,sem_evidencia,False,,1.0,1.0,True,,,True,
muito_longo-misto-economic,muito_longo,misto,586,state,JEV,False,False,,False,,jev_ordinal,sem_evidencia,False,,0.94,0.9199999999999999,True,,,True,
muito_longo-misto-economic,muito_longo,misto,586,society,JEV,False,False,,False,,jev_ordinal,sem_evidencia,True,relevancia_ambigua,0.92,0.19999999999999996,True,,,True,
muito_longo-misto-economic,muito_longo,misto,586,economic,cascata,True,True,0.0,True,1.0,llm_ordinal,direcional,True,empate_nivel,0.52,1.0,True,False,False,False,1.0
muito_longo-misto-economic,muito_longo,misto,586,diplomatic,cascata,False,False,,False,,jev_ordinal,sem_evidencia,False,,1.0,1.0,True,,,True,
muito_longo-misto-economic,muito_longo,misto,586,state,cascata,False,False,,False,,jev_ordinal,sem_evidencia,False,,0.94,0.9199999999999999,True,,,True,
muito_longo-misto-economic,muito_longo,misto,586,society,cascata,False,False,,False,,llm_ordinal,sem_evidencia,True,relevancia_ambigua,0.92,0.19999999999999996,True,,,True,
muito_longo-misto-diplomatic,muito_longo,misto,583,economic,JEV,False,False,,True,0.0,jev_ordinal,sem_posicao,True,relevancia_ambigua,0.95,0.48,False,,,False,
muito_longo-misto-diplomatic,muito_longo,misto,583,diplomatic,JEV,True,True,0.0,True,-1.0,jev_ordinal,direcional,False,,0.65,1.0,True,False,False,False,1.0
muito_longo-misto-diplomatic,muito_longo,misto,583,state,JEV,False,False,,True,-1.0,jev_ordinal,direcional,True,relevancia_ambigua,0.52,0.6599999999999999,False,,,False,
muito_longo-misto-diplomatic,muito_longo,misto,583,society,JEV,False,False,,False,,jev_ordinal,sem_evidencia,True,relevancia_ambigua,0.9,0.42,True,,,True,
muito_longo-misto-diplomatic,muito_longo,misto,583,economic,cascata,False,False,,True,1.0,llm_ordinal,direcional,True,relevancia_ambigua,0.95,0.48,False,,,False,
muito_longo-misto-diplomatic,muito_longo,misto,583,diplomatic,cascata,True,True,0.0,True,-1.0,jev_ordinal,direcional,False,,0.65,1.0,True,False,False,False,1.0
muito_longo-misto-diplomatic,muito_longo,misto,583,state,cascata,False,False,,True,-1.0,llm_ordinal,direcional,True,relevancia_ambigua,0.52,0.6599999999999999,False,,,False,
muito_longo-misto-diplomatic,muito_longo,misto,583,society,cascata,False,False,,False,,llm_ordinal,sem_evidencia,True,relevancia_ambigua,0.9,0.42,True,,,True,
muito_longo-misto-state,muito_longo,misto,573,economic,JEV,False,False,,False,,jev_ordinal,sem_evidencia,False,,1.0,1.0,True,,,True,
muito_longo-misto-state,muito_longo,misto,573,diplomatic,JEV,False,False,,False,,jev_ordinal,sem_evidencia,False,,0.99,1.0,True,,,True,
muito_longo-misto-state,muito_longo,misto,573,state,JEV,True,True,0.0,True,0.0,jev_ordinal,sem_posicao,False,,0.53,1.0,True,True,True,True,0.0
muito_longo-misto-state,muito_longo,misto,573,society,JEV,False,False,,True,0.0,jev_ordinal,sem_posicao,True,relevancia_ambigua,0.62,0.28,False,,,False,
muito_longo-misto-state,muito_longo,misto,573,economic,cascata,False,False,,False,,jev_ordinal,sem_evidencia,False,,1.0,1.0,True,,,True,
muito_longo-misto-state,muito_longo,misto,573,diplomatic,cascata,False,False,,False,,jev_ordinal,sem_evidencia,False,,0.99,1.0,True,,,True,
muito_longo-misto-state,muito_longo,misto,573,state,cascata,True,True,0.0,True,0.0,jev_ordinal,sem_posicao,False,,0.53,1.0,True,True,True,True,0.0
muito_longo-misto-state,muito_longo,misto,573,society,cascata,False,False,,False,,llm_ordinal,sem_evidencia,True,relevancia_ambigua,0.62,0.28,True,,,True,
muito_longo-misto-society,muito_longo,misto,549,economic,JEV,False,False,,False,,jev_ordinal,sem_evidencia,False,,0.8,0.72,True,,,True,
muito_longo-misto-society,muito_longo,misto,549,diplomatic,JEV,False,False,,False,,jev_ordinal,sem_evidencia,False,,0.98,1.0,True,,,True,
muito_longo-misto-society,muito_longo,misto,549,state,JEV,False,False,,True,1.0,jev_ordinal,direcional,False,,0.91,0.98,False,,,False,
muito_longo-misto-society,muito_longo,misto,549,society,JEV,True,True,0.0,True,1.0,jev_ordinal,direcional,False,,0.76,1.0,True,False,False,False,1.0
muito_longo-misto-society,muito_longo,misto,549,economic,cascata,False,False,,False,,jev_ordinal,sem_evidencia,False,,0.8,0.72,True,,,True,
muito_longo-misto-society,muito_longo,misto,549,diplomatic,cascata,False,False,,False,,jev_ordinal,sem_evidencia,False,,0.98,1.0,True,,,True,
muito_longo-misto-society,muito_longo,misto,549,state,cascata,False,False,,True,1.0,jev_ordinal,direcional,False,,0.91,0.98,False,,,False,
muito_longo-misto-society,muito_longo,misto,549,society,cascata,True,True,0.0,True,1.0,jev_ordinal,direcional,False,,0.76,1.0,True,False,False,False,1.0
muito_longo-nenhum-0,muito_longo,nenhum,532,economic,JEV,False,False,,False,,jev_ordinal,sem_evidencia,False,,1.0,1.0,True,,,True,
muito_longo-nenhum-0,muito_longo,nenhum,532,diplomatic,JEV,False,False,,False,,jev_ordinal,sem_evidencia,False,,1.0,1.0,True,,,True,
muito_longo-nenhum-0,muito_longo,nenhum,532,state,JEV,False,False,,False,,jev_ordinal,sem_evidencia,False,,1.0,1.0,True,,,True,
muito_longo-nenhum-0,muito_longo,nenhum,532,society,JEV,False,False,,False,,jev_ordinal,sem_evidencia,False,,1.0,1.0,True,,,True,
muito_longo-nenhum-0,muito_longo,nenhum,532,economic,cascata,False,False,,False,,jev_ordinal,sem_evidencia,False,,1.0,1.0,True,,,True,
muito_longo-nenhum-0,muito_longo,nenhum,532,diplomatic,cascata,False,False,,False,,jev_ordinal,sem_evidencia,False,,1.0,1.0,True,,,True,
muito_longo-nenhum-0,muito_longo,nenhum,532,state,cascata,False,False,,False,,jev_ordinal,sem_evidencia,False,,1.0,1.0,True,,,True,
muito_longo-nenhum-0,muito_longo,nenhum,532,society,cascata,False,False,,False,,jev_ordinal,sem_evidencia,False,,1.0,1.0,True,,,True,
muito_longo-nenhum-1,muito_longo,nenhum,518,economic,JEV,False,False,,False,,jev_ordinal,sem_evidencia,False,,1.0,1.0,True,,,True,
muito_longo-nenhum-1,muito_longo,nenhum,518,diplomatic,JEV,False,False,,False,,jev_ordinal,sem_evidencia,False,,1.0,1.0,True,,,True,
muito_longo-nenhum-1,muito_longo,nenhum,518,state,JEV,False,False,,False,,jev_ordinal,sem_evidencia,False,,1.0,1.0,True,,,True,
muito_longo-nenhum-1,muito_longo,nenhum,518,society,JEV,False,False,,False,,jev_ordinal,sem_evidencia,False,,1.0,1.0,True,,,True,
muito_longo-nenhum-1,muito_longo,nenhum,518,economic,cascata,False,False,,False,,jev_ordinal,sem_evidencia,False,,1.0,1.0,True,,,True,
muito_longo-nenhum-1,muito_longo,nenhum,518,diplomatic,cascata,False,False,,False,,jev_ordinal,sem_evidencia,False,,1.0,1.0,True,,,True,
muito_longo-nenhum-1,muito_longo,nenhum,518,state,cascata,False,False,,False,,jev_ordinal,sem_evidencia,False,,1.0,1.0,True,,,True,
muito_longo-nenhum-1,muito_longo,nenhum,518,society,cascata,False,False,,False,,jev_ordinal,sem_evidencia,False,,1.0,1.0,True,,,True,
muito_longo-nenhum-2,muito_longo,nenhum,515,economic,JEV,False,False,,False,,jev_ordinal,sem_evidencia,False,,1.0,1.0,True,,,True,
muito_longo-nenhum-2,muito_longo,nenhum,515,diplomatic,JEV,False,False,,False,,jev_ordinal,sem_evidencia,False,,1.0,1.0,True,,,True,
muito_longo-nenhum-2,muito_longo,nenhum,515,state,JEV,False,False,,False,,jev_ordinal,sem_evidencia,False,,1.0,1.0,True,,,True,
muito_longo-nenhum-2,muito_longo,nenhum,515,society,JEV,False,False,,False,,jev_ordinal,sem_evidencia,False,,1.0,1.0,True,,,True,
muito_longo-nenhum-2,muito_longo,nenhum,515,economic,cascata,False,False,,False,,jev_ordinal,sem_evidencia,False,,1.0,1.0,True,,,True,
muito_longo-nenhum-2,muito_longo,nenhum,515,diplomatic,cascata,False,False,,False,,jev_ordinal,sem_evidencia,False,,1.0,1.0,True,,,True,
muito_longo-nenhum-2,muito_longo,nenhum,515,state,cascata,False,False,,False,,jev_ordinal,sem_evidencia,False,,1.0,1.0,True,,,True,
muito_longo-nenhum-2,muito_longo,nenhum,515,society,cascata,False,False,,False,,jev_ordinal,sem_evidencia,False,,1.0,1.0,True,,,True,
muito_longo-nenhum-3,muito_longo,nenhum,505,economic,JEV,False,False,,False,,jev_ordinal,sem_evidencia,False,,1.0,1.0,True,,,True,
muito_longo-nenhum-3,muito_longo,nenhum,505,diplomatic,JEV,False,False,,False,,jev_ordinal,sem_evidencia,False,,1.0,1.0,True,,,True,
muito_longo-nenhum-3,muito_longo,nenhum,505,state,JEV,False,False,,False,,jev_ordinal,sem_evidencia,False,,1.0,1.0,True,,,True,
muito_longo-nenhum-3,muito_longo,nenhum,505,society,JEV,False,False,,False,,jev_ordinal,sem_evidencia,False,,1.0,1.0,True,,,True,
muito_longo-nenhum-3,muito_longo,nenhum,505,economic,cascata,False,False,,False,,jev_ordinal,sem_evidencia,False,,1.0,1.0,True,,,True,
muito_longo-nenhum-3,muito_longo,nenhum,505,diplomatic,cascata,False,False,,False,,jev_ordinal,sem_evidencia,False,,1.0,1.0,True,,,True,
muito_longo-nenhum-3,muito_longo,nenhum,505,state,cascata,False,False,,False,,jev_ordinal,sem_evidencia,False,,1.0,1.0,True,,,True,
muito_longo-nenhum-3,muito_longo,nenhum,505,society,cascata,False,False,,False,,jev_ordinal,sem_evidencia,False,,1.0,1.0,True,,,True,
extra-simples-economic--2,extra,simples,1209,economic,JEV,True,True,-2.0,True,-2.0,jev_ordinal,direcional,False,,1.0,1.0,True,True,True,True,0.0
extra-simples-economic--2,extra,simples,1209,diplomatic,JEV,False,False,,False,,jev_ordinal,sem_evidencia,False,,1.0,1.0,True,,,True,
extra-simples-economic--2,extra,simples,1209,state,JEV,False,False,,True,2.0,jev_ordinal,direcional,True,relevancia_ambigua; baixa_confianca_nivel,0.31,0.28,False,,,False,
extra-simples-economic--2,extra,simples,1209,society,JEV,False,False,,True,2.0,jev_ordinal,direcional,True,relevancia_ambigua,0.63,0.42,False,,,False,
extra-simples-economic--2,extra,simples,1209,economic,cascata,True,True,-2.0,True,-2.0,jev_ordinal,direcional,False,,1.0,1.0,True,True,True,True,0.0
extra-simples-economic--2,extra,simples,1209,diplomatic,cascata,False,False,,False,,jev_ordinal,sem_evidencia,False,,1.0,1.0,True,,,True,
extra-simples-economic--2,extra,simples,1209,state,cascata,False,False,,False,,llm_ordinal,sem_evidencia,True,relevancia_ambigua; baixa_confianca_nivel,0.31,0.28,True,,,True,
extra-simples-economic--2,extra,simples,1209,society,cascata,False,False,,False,,llm_ordinal,sem_evidencia,True,relevancia_ambigua,0.63,0.42,True,,,True,
extra-simples-economic--1,extra,simples,1132,economic,JEV,True,True,-1.0,True,-1.0,jev_ordinal,direcional,False,,0.99,1.0,True,True,True,True,0.0
extra-simples-economic--1,extra,simples,1132,diplomatic,JEV,False,False,,False,,jev_ordinal,sem_evidencia,False,,1.0,1.0,True,,,True,
extra-simples-economic--1,extra,simples,1132,state,JEV,False,False,,False,,jev_ordinal,sem_evidencia,False,,0.95,0.8200000000000001,True,,,True,
extra-simples-economic--1,extra,simples,1132,society,JEV,False,False,,False,,jev_ordinal,sem_evidencia,True,relevancia_ambigua,0.94,0.6599999999999999,True,,,True,
extra-simples-economic--1,extra,simples,1132,economic,cascata,True,True,-1.0,True,-1.0,jev_ordinal,direcional,False,,0.99,1.0,True,True,True,True,0.0
extra-simples-economic--1,extra,simples,1132,diplomatic,cascata,False,False,,False,,jev_ordinal,sem_evidencia,False,,1.0,1.0,True,,,True,
extra-simples-economic--1,extra,simples,1132,state,cascata,False,False,,False,,jev_ordinal,sem_evidencia,False,,0.95,0.8200000000000001,True,,,True,
extra-simples-economic--1,extra,simples,1132,society,cascata,False,False,,False,,llm_ordinal,sem_evidencia,True,relevancia_ambigua,0.94,0.6599999999999999,True,,,True,
extra-simples-economic-+0,extra,simples,1098,economic,JEV,True,,0.0,False,,jev_ordinal,sem_evidencia,True,relevancia_ambigua,1.0,0.30000000000000004,True,True,True,True,
extra-simples-economic-+0,extra,simples,1098,diplomatic,JEV,False,False,,False,,jev_ordinal,sem_evidencia,False,,1.0,1.0,True,,,True,
extra-simples-economic-+0,extra,simples,1098,state,JEV,False,False,,False,,jev_ordinal,sem_evidencia,False,,1.0,1.0,True,,,True,
extra-simples-economic-+0,extra,simples,1098,society,JEV,False,False,,False,,jev_ordinal,sem_evidencia,False,,1.0,1.0,True,,,True,
extra-simples-economic-+0,extra,simples,1098,economic,cascata,True,,0.0,False,,llm_ordinal,sem_evidencia,True,relevancia_ambigua,1.0,0.30000000000000004,True,True,True,True,
extra-simples-economic-+0,extra,simples,1098,diplomatic,cascata,False,False,,False,,jev_ordinal,sem_evidencia,False,,1.0,1.0,True,,,True,
extra-simples-economic-+0,extra,simples,1098,state,cascata,False,False,,False,,jev_ordinal,sem_evidencia,False,,1.0,1.0,True,,,True,
extra-simples-economic-+0,extra,simples,1098,society,cascata,False,False,,False,,jev_ordinal,sem_evidencia,False,,1.0,1.0,True,,,True,
extra-simples-economic-+1,extra,simples,1094,economic,JEV,True,True,1.0,True,1.0,jev_ordinal,direcional,False,,0.95,1.0,True,True,True,True,0.0
extra-simples-economic-+1,extra,simples,1094,diplomatic,JEV,False,False,,False,,jev_ordinal,sem_evidencia,False,,1.0,1.0,True,,,True,
extra-simples-economic-+1,extra,simples,1094,state,JEV,False,False,,False,,jev_ordinal,sem_evidencia,False,,0.63,0.8200000000000001,True,,,True,
extra-simples-economic-+1,extra,simples,1094,society,JEV,False,False,,True,0.0,jev_ordinal,sem_posicao,True,relevancia_ambigua,0.81,0.32,False,,,False,
extra-simples-economic-+1,extra,simples,1094,economic,cascata,True,True,1.0,True,1.0,jev_ordinal,direcional,False,,0.95,1.0,True,True,True,True,0.0
extra-simples-economic-+1,extra,simples,1094,diplomatic,cascata,False,False,,False,,jev_ordinal,sem_evidencia,False,,1.0,1.0,True,,,True,
extra-simples-economic-+1,extra,simples,1094,state,cascata,False,False,,False,,jev_ordinal,sem_evidencia,False,,0.63,0.8200000000000001,True,,,True,
extra-simples-economic-+1,extra,simples,1094,society,cascata,False,False,,False,,llm_ordinal,sem_evidencia,True,relevancia_ambigua,0.81,0.32,True,,,True,
extra-simples-economic-+2,extra,simples,1136,economic,JEV,True,True,2.0,True,2.0,jev_ordinal,direcional,False,,1.0,1.0,True,True,True,True,0.0
extra-simples-economic-+2,extra,simples,1136,diplomatic,JEV,False,False,,False,,jev_ordinal,sem_evidencia,False,,0.99,1.0,True,,,True,
extra-simples-economic-+2,extra,simples,1136,state,JEV,False,False,,True,0.0,jev_ordinal,sem_posicao,True,relevancia_ambigua; baixa_confianca_nivel,0.27,0.48,False,,,False,
extra-simples-economic-+2,extra,simples,1136,society,JEV,False,False,,True,2.0,jev_ordinal,direcional,True,relevancia_ambigua,0.68,0.56,False,,,False,
extra-simples-economic-+2,extra,simples,1136,economic,cascata,True,True,2.0,True,2.0,jev_ordinal,direcional,False,,1.0,1.0,True,True,True,True,0.0
extra-simples-economic-+2,extra,simples,1136,diplomatic,cascata,False,False,,False,,jev_ordinal,sem_evidencia,False,,0.99,1.0,True,,,True,
extra-simples-economic-+2,extra,simples,1136,state,cascata,False,False,,True,1.0,llm_ordinal,direcional,True,relevancia_ambigua; baixa_confianca_nivel,0.27,0.48,False,,,False,
extra-simples-economic-+2,extra,simples,1136,society,cascata,False,False,,True,1.0,llm_ordinal,direcional,True,relevancia_ambigua,0.68,0.56,False,,,False,
extra-simples-diplomatic--2,extra,simples,1131,economic,JEV,False,False,,True,0.0,jev_ordinal,sem_posicao,False,,0.62,0.76,False,,,False,
extra-simples-diplomatic--2,extra,simples,1131,diplomatic,JEV,True,True,-2.0,True,-2.0,jev_ordinal,direcional,False,,1.0,1.0,True,True,True,True,0.0
extra-simples-diplomatic--2,extra,simples,1131,state,JEV,False,False,,True,-2.0,jev_ordinal,direcional,False,,0.89,0.98,False,,,False,
extra-simples-diplomatic--2,extra,simples,1131,society,JEV,False,False,,False,,jev_ordinal,sem_evidencia,True,relevancia_ambigua,0.87,0.48,True,,,True,
extra-simples-diplomatic--2,extra,simples,1131,economic,cascata,False,False,,True,0.0,jev_ordinal,sem_posicao,False,,0.62,0.76,False,,,False,
extra-simples-diplomatic--2,extra,simples,1131,diplomatic,cascata,True,True,-2.0,True,-2.0,jev_ordinal,direcional,False,,1.0,1.0,True,True,True,True,0.0
extra-simples-diplomatic--2,extra,simples,1131,state,cascata,False,False,,True,-2.0,jev_ordinal,direcional,False,,0.89,0.98,False,,,False,
extra-simples-diplomatic--2,extra,simples,1131,society,cascata,False,False,,False,,llm_ordinal,sem_evidencia,True,relevancia_ambigua,0.87,0.48,True,,,True,
extra-simples-diplomatic--1,extra,simples,1093,economic,JEV,False,False,,True,0.0,jev_ordinal,sem_posicao,False,,0.9,0.8600000000000001,False,,,False,
extra-simples-diplomatic--1,extra,simples,1093,diplomatic,JEV,True,True,-1.0,True,-1.0,jev_ordinal,direcional,False,,0.91,1.0,True,True,True,True,0.0
extra-simples-diplomatic--1,extra,simples,1093,state,JEV,False,False,,True,-1.0,jev_ordinal,direcional,True,relevancia_ambigua,0.79,0.36000000000000004,False,,,False,
extra-simples-diplomatic--1,extra,simples,1093,society,JEV,False,False,,False,,jev_ordinal,sem_evidencia,True,relevancia_ambigua,0.92,0.32,True,,,True,
extra-simples-diplomatic--1,extra,simples,1093,economic,cascata,False,False,,True,0.0,jev_ordinal,sem_posicao,False,,0.9,0.8600000000000001,False,,,False,
extra-simples-diplomatic--1,extra,simples,1093,diplomatic,cascata,True,True,-1.0,True,-1.0,jev_ordinal,direcional,False,,0.91,1.0,True,True,True,True,0.0
extra-simples-diplomatic--1,extra,simples,1093,state,cascata,False,False,,True,-1.0,llm_ordinal,direcional,True,relevancia_ambigua,0.79,0.36000000000000004,False,,,False,
extra-simples-diplomatic--1,extra,simples,1093,society,cascata,False,False,,False,,llm_ordinal,sem_evidencia,True,relevancia_ambigua,0.92,0.32,True,,,True,
extra-simples-diplomatic-+0,extra,simples,1037,economic,JEV,False,False,,False,,jev_ordinal,sem_evidencia,False,,1.0,1.0,True,,,True,
extra-simples-diplomatic-+0,extra,simples,1037,diplomatic,JEV,True,,0.0,True,0.0,jev_ordinal,sem_posicao,False,,1.0,0.76,True,True,True,True,0.0
extra-simples-diplomatic-+0,extra,simples,1037,state,JEV,False,False,,False,,jev_ordinal,sem_evidencia,False,,1.0,0.98,True,,,True,
extra-simples-diplomatic-+0,extra,simples,1037,society,JEV,False,False,,False,,jev_ordinal,sem_evidencia,False,,1.0,1.0,True,,,True,
extra-simples-diplomatic-+0,extra,simples,1037,economic,cascata,False,False,,False,,jev_ordinal,sem_evidencia,False,,1.0,1.0,True,,,True,
extra-simples-diplomatic-+0,extra,simples,1037,diplomatic,cascata,True,,0.0,True,0.0,jev_ordinal,sem_posicao,False,,1.0,0.76,True,True,True,True,0.0
extra-simples-diplomatic-+0,extra,simples,1037,state,cascata,False,False,,False,,jev_ordinal,sem_evidencia,False,,1.0,0.98,True,,,True,
extra-simples-diplomatic-+0,extra,simples,1037,society,cascata,False,False,,False,,jev_ordinal,sem_evidencia,False,,1.0,1.0,True,,,True,
extra-simples-diplomatic-+1,extra,simples,1061,economic,JEV,False,False,,False,,jev_ordinal,sem_evidencia,False,,1.0,0.8799999999999999,True,,,True,
extra-simples-diplomatic-+1,extra,simples,1061,diplomatic,JEV,True,True,1.0,True,1.0,jev_ordinal,direcional,False,,0.97,1.0,True,True,True,True,0.0
extra-simples-diplomatic-+1,extra,simples,1061,state,JEV,False,False,,False,,jev_ordinal,sem_evidencia,True,relevancia_ambigua,0.94,0.5800000000000001,True,,,True,
extra-simples-diplomatic-+1,extra,simples,1061,society,JEV,False,False,,True,0.0,jev_ordinal,sem_posicao,True,relevancia_ambigua,0.91,0.020000000000000018,False,,,False,
extra-simples-diplomatic-+1,extra,simples,1061,economic,cascata,False,False,,False,,jev_ordinal,sem_evidencia,False,,1.0,0.8799999999999999,True,,,True,
extra-simples-diplomatic-+1,extra,simples,1061,diplomatic,cascata,True,True,1.0,True,1.0,jev_ordinal,direcional,False,,0.97,1.0,True,True,True,True,0.0
extra-simples-diplomatic-+1,extra,simples,1061,state,cascata,False,False,,False,,llm_ordinal,sem_evidencia,True,relevancia_ambigua,0.94,0.5800000000000001,True,,,True,
extra-simples-diplomatic-+1,extra,simples,1061,society,cascata,False,False,,False,,llm_ordinal,sem_evidencia,True,relevancia_ambigua,0.91,0.020000000000000018,True,,,True,
extra-simples-diplomatic-+2,extra,simples,1106,economic,JEV,False,False,,True,0.0,jev_ordinal,sem_posicao,True,relevancia_ambigua,0.85,0.36000000000000004,False,,,False,
extra-simples-diplomatic-+2,extra,simples,1106,diplomatic,JEV,True,True,2.0,True,2.0,jev_ordinal,direcional,False,,1.0,1.0,True,True,True,True,0.0
extra-simples-diplomatic-+2,extra,simples,1106,state,JEV,False,False,,True,2.0,jev_ordinal,direcional,True,baixa_confianca_nivel,0.27,0.94,False,,,False,
extra-simples-diplomatic-+2,extra,simples,1106,society,JEV,False,False,,True,2.0,jev_ordinal,direcional,True,relevancia_ambigua,0.78,0.32,False,,,False,
extra-simples-diplomatic-+2,extra,simples,1106,economic,cascata,False,False,,False,,llm_ordinal,sem_evidencia,True,relevancia_ambigua,0.85,0.36000000000000004,True,,,True,
extra-simples-diplomatic-+2,extra,simples,1106,diplomatic,cascata,True,True,2.0,True,2.0,jev_ordinal,direcional,False,,1.0,1.0,True,True,True,True,0.0
extra-simples-diplomatic-+2,extra,simples,1106,state,cascata,False,False,,True,1.0,llm_ordinal,direcional,True,baixa_confianca_nivel,0.27,0.94,False,,,False,
extra-simples-diplomatic-+2,extra,simples,1106,society,cascata,False,False,,False,,llm_ordinal,sem_evidencia,True,relevancia_ambigua,0.78,0.32,True,,,True,
extra-simples-state--2,extra,simples,1104,economic,JEV,False,False,,False,,jev_ordinal,sem_evidencia,False,,1.0,1.0,True,,,True,
extra-simples-state--2,extra,simples,1104,diplomatic,JEV,False,False,,False,,jev_ordinal,sem_evidencia,False,,0.96,1.0,True,,,True,
extra-simples-state--2,extra,simples,1104,state,JEV,True,True,-2.0,True,-2.0,jev_ordinal,direcional,False,,0.82,1.0,True,True,True,True,0.0
extra-simples-state--2,extra,simples,1104,society,JEV,False,False,,False,,jev_ordinal,sem_evidencia,True,relevancia_ambigua,0.81,0.6200000000000001,True,,,True,
extra-simples-state--2,extra,simples,1104,economic,cascata,False,False,,False,,jev_ordinal,sem_evidencia,False,,1.0,1.0,True,,,True,
extra-simples-state--2,extra,simples,1104,diplomatic,cascata,False,False,,False,,jev_ordinal,sem_evidencia,False,,0.96,1.0,True,,,True,
extra-simples-state--2,extra,simples,1104,state,cascata,True,True,-2.0,True,-2.0,jev_ordinal,direcional,False,,0.82,1.0,True,True,True,True,0.0
extra-simples-state--2,extra,simples,1104,society,cascata,False,False,,False,,llm_ordinal,sem_evidencia,True,relevancia_ambigua,0.81,0.6200000000000001,True,,,True,
extra-simples-state--1,extra,simples,1058,economic,JEV,False,False,,False,,jev_ordinal,sem_evidencia,False,,1.0,1.0,True,,,True,
extra-simples-state--1,extra,simples,1058,diplomatic,JEV,False,False,,False,,jev_ordinal,sem_evidencia,False,,0.99,1.0,True,,,True,
extra-simples-state--1,extra,simples,1058,state,JEV,True,True,-1.0,True,-1.0,jev_ordinal,direcional,False,,0.97,0.98,True,True,True,True,0.0
extra-simples-state--1,extra,simples,1058,society,JEV,False,False,,True,0.0,jev_ordinal,sem_posicao,True,relevancia_ambigua,0.81,0.28,False,,,False,
extra-simples-state--1,extra,simples,1058,economic,cascata,False,False,,False,,jev_ordinal,sem_evidencia,False,,1.0,1.0,True,,,True,
extra-simples-state--1,extra,simples,1058,diplomatic,cascata,False,False,,False,,jev_ordinal,sem_evidencia,False,,0.99,1.0,True,,,True,
extra-simples-state--1,extra,simples,1058,state,cascata,True,True,-1.0,True,-1.0,jev_ordinal,direcional,False,,0.97,0.98,True,True,True,True,0.0
extra-simples-state--1,extra,simples,1058,society,cascata,False,False,,False,,llm_ordinal,sem_evidencia,True,relevancia_ambigua,0.81,0.28,True,,,True,
extra-simples-state-+0,extra,simples,1071,economic,JEV,False,False,,False,,jev_ordinal,sem_evidencia,False,,1.0,1.0,True,,,True,
extra-simples-state-+0,extra,simples,1071,diplomatic,JEV,False,False,,False,,jev_ordinal,sem_evidencia,False,,1.0,1.0,True,,,True,
extra-simples-state-+0,extra,simples,1071,state,JEV,True,,0.0,False,,jev_ordinal,sem_evidencia,False,,1.0,0.74,True,True,True,True,
extra-simples-state-+0,extra,simples,1071,society,JEV,False,False,,False,,jev_ordinal,sem_evidencia,True,relevancia_ambigua,0.99,0.6399999999999999,True,,,True,
extra-simples-state-+0,extra,simples,1071,economic,cascata,False,False,,False,,jev_ordinal,sem_evidencia,False,,1.0,1.0,True,,,True,
extra-simples-state-+0,extra,simples,1071,diplomatic,cascata,False,False,,False,,jev_ordinal,sem_evidencia,False,,1.0,1.0,True,,,True,
extra-simples-state-+0,extra,simples,1071,state,cascata,True,,0.0,False,,jev_ordinal,sem_evidencia,False,,1.0,0.74,True,True,True,True,
extra-simples-state-+0,extra,simples,1071,society,cascata,False,False,,False,,llm_ordinal,sem_evidencia,True,relevancia_ambigua,0.99,0.6399999999999999,True,,,True,
extra-simples-state-+1,extra,simples,1077,economic,JEV,False,False,,False,,jev_ordinal,sem_evidencia,True,relevancia_ambigua,0.94,0.6000000000000001,True,,,True,
extra-simples-state-+1,extra,simples,1077,diplomatic,JEV,False,False,,False,,jev_ordinal,sem_evidencia,False,,1.0,1.0,True,,,True,
extra-simples-state-+1,extra,simples,1077,state,JEV,True,True,1.0,True,1.0,jev_ordinal,direcional,False,,0.96,1.0,True,True,True,True,0.0
extra-simples-state-+1,extra,simples,1077,society,JEV,False,False,,True,1.0,jev_ordinal,direcional,True,relevancia_ambigua,0.74,0.54,False,,,False,
extra-simples-state-+1,extra,simples,1077,economic,cascata,False,False,,False,,llm_ordinal,sem_evidencia,True,relevancia_ambigua,0.94,0.6000000000000001,True,,,True,
extra-simples-state-+1,extra,simples,1077,diplomatic,cascata,False,False,,False,,jev_ordinal,sem_evidencia,False,,1.0,1.0,True,,,True,
extra-simples-state-+1,extra,simples,1077,state,cascata,True,True,1.0,True,1.0,jev_ordinal,direcional,False,,0.96,1.0,True,True,True,True,0.0
extra-simples-state-+1,extra,simples,1077,society,cascata,False,False,,True,1.0,llm_ordinal,direcional,True,relevancia_ambigua,0.74,0.54,False,,,False,
extra-simples-state-+2,extra,simples,1114,economic,JEV,False,False,,False,,jev_ordinal,sem_evidencia,False,,0.98,1.0,True,,,True,
extra-simples-state-+2,extra,simples,1114,diplomatic,JEV,False,False,,False,,jev_ordinal,sem_evidencia,False,,0.92,0.9199999999999999,True,,,True,
extra-simples-state-+2,extra,simples,1114,state,JEV,True,True,2.0,True,2.0,jev_ordinal,direcional,False,,1.0,1.0,True,True,True,True,0.0
extra-simples-state-+2,extra,simples,1114,society,JEV,False,False,,True,2.0,jev_ordinal,direcional,True,relevancia_ambigua,0.89,0.6599999999999999,False,,,False,
extra-simples-state-+2,extra,simples,1114,economic,cascata,False,False,,False,,jev_ordinal,sem_evidencia,False,,0.98,1.0,True,,,True,
extra-simples-state-+2,extra,simples,1114,diplomatic,cascata,False,False,,False,,jev_ordinal,sem_evidencia,False,,0.92,0.9199999999999999,True,,,True,
extra-simples-state-+2,extra,simples,1114,state,cascata,True,True,2.0,True,2.0,jev_ordinal,direcional,False,,1.0,1.0,True,True,True,True,0.0
extra-simples-state-+2,extra,simples,1114,society,cascata,False,False,,True,1.0,llm_ordinal,direcional,True,relevancia_ambigua,0.89,0.6599999999999999,False,,,False,
extra-simples-society--2,extra,simples,1110,economic,JEV,False,False,,False,,jev_ordinal,sem_evidencia,False,,0.98,0.76,True,,,True,
extra-simples-society--2,extra,simples,1110,diplomatic,JEV,False,False,,False,,jev_ordinal,sem_evidencia,False,,0.97,1.0,True,,,True,
extra-simples-society--2,extra,simples,1110,state,JEV,False,False,,True,-2.0,jev_ordinal,direcional,False,,0.82,1.0,False,,,False,
extra-simples-society--2,extra,simples,1110,society,JEV,True,True,-2.0,True,-2.0,jev_ordinal,direcional,False,,1.0,1.0,True,True,True,True,0.0
extra-simples-society--2,extra,simples,1110,economic,cascata,False,False,,False,,jev_ordinal,sem_evidencia,False,,0.98,0.76,True,,,True,
extra-simples-society--2,extra,simples,1110,diplomatic,cascata,False,False,,False,,jev_ordinal,sem_evidencia,False,,0.97,1.0,True,,,True,
extra-simples-society--2,extra,simples,1110,state,cascata,False,False,,True,-2.0,jev_ordinal,direcional,False,,0.82,1.0,False,,,False,
extra-simples-society--2,extra,simples,1110,society,cascata,True,True,-2.0,True,-2.0,jev_ordinal,direcional,False,,1.0,1.0,True,True,True,True,0.0
extra-simples-society--1,extra,simples,1079,economic,JEV,False,False,,False,,jev_ordinal,sem_evidencia,True,relevancia_ambigua,0.82,0.36000000000000004,True,,,True,
extra-simples-society--1,extra,simples,1079,diplomatic,JEV,False,False,,False,,jev_ordinal,sem_evidencia,False,,0.98,1.0,True,,,True,
extra-simples-society--1,extra,simples,1079,state,JEV,False,False,,True,1.0,jev_ordinal,direcional,True,baixa_confianca_nivel,0.37,0.8799999999999999,False,,,False,
extra-simples-society--1,extra,simples,1079,society,JEV,True,True,-1.0,True,-1.0,jev_ordinal,direcional,False,,0.88,1.0,True,True,True,True,0.0
extra-simples-society--1,extra,simples,1079,economic,cascata,False,False,,False,,llm_ordinal,sem_evidencia,True,relevancia_ambigua,0.82,0.36000000000000004,True,,,True,
extra-simples-society--1,extra,simples,1079,diplomatic,cascata,False,False,,False,,jev_ordinal,sem_evidencia,False,,0.98,1.0,True,,,True,
extra-simples-society--1,extra,simples,1079,state,cascata,False,False,,True,1.0,llm_ordinal,direcional,True,baixa_confianca_nivel,0.37,0.8799999999999999,False,,,False,
extra-simples-society--1,extra,simples,1079,society,cascata,True,True,-1.0,True,-1.0,jev_ordinal,direcional,False,,0.88,1.0,True,True,True,True,0.0
extra-simples-society-+0,extra,simples,1061,economic,JEV,False,False,,False,,jev_ordinal,sem_evidencia,True,relevancia_ambigua,0.84,0.13999999999999996,True,,,True,
extra-simples-society-+0,extra,simples,1061,diplomatic,JEV,False,False,,False,,jev_ordinal,sem_evidencia,False,,1.0,1.0,True,,,True,
extra-simples-society-+0,extra,simples,1061,state,JEV,False,False,,False,,jev_ordinal,sem_evidencia,False,,1.0,1.0,True,,,True,
extra-simples-society-+0,extra,simples,1061,society,JEV,True,,0.0,True,0.0,jev_ordinal,sem_posicao,True,relevancia_ambigua,1.0,0.5800000000000001,True,True,True,True,0.0
extra-simples-society-+0,extra,simples,1061,economic,cascata,False,False,,False,,llm_ordinal,sem_evidencia,True,relevancia_ambigua,0.84,0.13999999999999996,True,,,True,
extra-simples-society-+0,extra,simples,1061,diplomatic,cascata,False,False,,False,,jev_ordinal,sem_evidencia,False,,1.0,1.0,True,,,True,
extra-simples-society-+0,extra,simples,1061,state,cascata,False,False,,False,,jev_ordinal,sem_evidencia,False,,1.0,1.0,True,,,True,
extra-simples-society-+0,extra,simples,1061,society,cascata,True,,0.0,,,llm_ordinal,evidencia_nao_verificada,True,relevancia_ambigua,1.0,0.5800000000000001,False,False,False,False,
extra-simples-society-+1,extra,simples,1068,economic,JEV,False,False,,True,0.0,jev_ordinal,sem_posicao,True,relevancia_ambigua,0.59,0.32,False,,,False,
extra-simples-society-+1,extra,simples,1068,diplomatic,JEV,False,False,,False,,jev_ordinal,sem_evidencia,False,,1.0,1.0,True,,,True,
extra-simples-society-+1,extra,simples,1068,state,JEV,False,False,,True,1.0,jev_ordinal,direcional,False,,0.83,0.8999999999999999,False,,,False,
extra-simples-society-+1,extra,simples,1068,society,JEV,True,True,1.0,True,1.0,jev_ordinal,direcional,False,,0.63,1.0,True,True,True,True,0.0
extra-simples-society-+1,extra,simples,1068,economic,cascata,False,False,,False,,llm_ordinal,sem_evidencia,True,relevancia_ambigua,0.59,0.32,True,,,True,
extra-simples-society-+1,extra,simples,1068,diplomatic,cascata,False,False,,False,,jev_ordinal,sem_evidencia,False,,1.0,1.0,True,,,True,
extra-simples-society-+1,extra,simples,1068,state,cascata,False,False,,True,1.0,jev_ordinal,direcional,False,,0.83,0.8999999999999999,False,,,False,
extra-simples-society-+1,extra,simples,1068,society,cascata,True,True,1.0,True,1.0,jev_ordinal,direcional,False,,0.63,1.0,True,True,True,True,0.0
extra-simples-society-+2,extra,simples,1152,economic,JEV,False,False,,False,,jev_ordinal,sem_evidencia,True,relevancia_ambigua,0.98,0.5,True,,,True,
extra-simples-society-+2,extra,simples,1152,diplomatic,JEV,False,False,,False,,jev_ordinal,sem_evidencia,False,,0.99,1.0,True,,,True,
extra-simples-society-+2,extra,simples,1152,state,JEV,False,False,,True,2.0,jev_ordinal,direcional,False,,0.73,1.0,False,,,False,
extra-simples-society-+2,extra,simples,1152,society,JEV,True,True,2.0,True,2.0,jev_ordinal,direcional,False,,1.0,1.0,True,True,True,True,0.0
extra-simples-society-+2,extra,simples,1152,economic,cascata,False,False,,False,,llm_ordinal,sem_evidencia,True,relevancia_ambigua,0.98,0.5,True,,,True,
extra-simples-society-+2,extra,simples,1152,diplomatic,cascata,False,False,,False,,jev_ordinal,sem_evidencia,False,,0.99,1.0,True,,,True,
extra-simples-society-+2,extra,simples,1152,state,cascata,False,False,,True,2.0,jev_ordinal,direcional,False,,0.73,1.0,False,,,False,
extra-simples-society-+2,extra,simples,1152,society,cascata,True,True,2.0,True,2.0,jev_ordinal,direcional,False,,1.0,1.0,True,True,True,True,0.0
extra-duplo-0-economic+2-society+1,extra,duplo,1122,economic,JEV,True,True,2.0,True,2.0,jev_ordinal,direcional,False,,1.0,1.0,True,True,True,True,0.0
extra-duplo-0-economic+2-society+1,extra,duplo,1122,diplomatic,JEV,False,False,,False,,jev_ordinal,sem_evidencia,False,,1.0,1.0,True,,,True,
extra-duplo-0-economic+2-society+1,extra,duplo,1122,state,JEV,False,False,,True,1.0,jev_ordinal,direcional,False,,0.51,0.8999999999999999,False,,,False,
extra-duplo-0-economic+2-society+1,extra,duplo,1122,society,JEV,True,True,1.0,True,2.0,jev_ordinal,direcional,False,,0.9,0.98,True,True,False,True,1.0
extra-duplo-0-economic+2-society+1,extra,duplo,1122,economic,cascata,True,True,2.0,True,2.0,jev_ordinal,direcional,False,,1.0,1.0,True,True,True,True,0.0
extra-duplo-0-economic+2-society+1,extra,duplo,1122,diplomatic,cascata,False,False,,False,,jev_ordinal,sem_evidencia,False,,1.0,1.0,True,,,True,
extra-duplo-0-economic+2-society+1,extra,duplo,1122,state,cascata,False,False,,True,1.0,jev_ordinal,direcional,False,,0.51,0.8999999999999999,False,,,False,
extra-duplo-0-economic+2-society+1,extra,duplo,1122,society,cascata,True,True,1.0,True,2.0,jev_ordinal,direcional,False,,0.9,0.98,True,True,False,True,1.0
extra-duplo-1-economic-1-state-2,extra,duplo,1117,economic,JEV,True,True,-1.0,True,-1.0,jev_ordinal,direcional,False,,0.92,1.0,True,True,True,True,0.0
extra-duplo-1-economic-1-state-2,extra,duplo,1117,diplomatic,JEV,False,False,,False,,jev_ordinal,sem_evidencia,False,,0.95,0.98,True,,,True,
extra-duplo-1-economic-1-state-2,extra,duplo,1117,state,JEV,True,True,-2.0,True,-2.0,jev_ordinal,direcional,False,,0.77,1.0,True,True,True,True,0.0
extra-duplo-1-economic-1-state-2,extra,duplo,1117,society,JEV,False,False,,True,0.0,jev_ordinal,sem_posicao,True,relevancia_ambigua,0.62,0.15999999999999998,False,,,False,
extra-duplo-1-economic-1-state-2,extra,duplo,1117,economic,cascata,True,True,-1.0,True,-1.0,jev_ordinal,direcional,False,,0.92,1.0,True,True,True,True,0.0
extra-duplo-1-economic-1-state-2,extra,duplo,1117,diplomatic,cascata,False,False,,False,,jev_ordinal,sem_evidencia,False,,0.95,0.98,True,,,True,
extra-duplo-1-economic-1-state-2,extra,duplo,1117,state,cascata,True,True,-2.0,True,-2.0,jev_ordinal,direcional,False,,0.77,1.0,True,True,True,True,0.0
extra-duplo-1-economic-1-state-2,extra,duplo,1117,society,cascata,False,False,,True,-2.0,llm_ordinal,direcional,True,relevancia_ambigua,0.62,0.15999999999999998,False,,,False,
extra-duplo-2-diplomatic-2-society-1,extra,duplo,1088,economic,JEV,False,False,,True,0.0,jev_ordinal,sem_posicao,False,,0.84,0.74,False,,,False,
extra-duplo-2-diplomatic-2-society-1,extra,duplo,1088,diplomatic,JEV,True,True,-2.0,True,-2.0,jev_ordinal,direcional,False,,1.0,1.0,True,True,True,True,0.0
extra-duplo-2-diplomatic-2-society-1,extra,duplo,1088,state,JEV,False,False,,True,-2.0,jev_ordinal,direcional,True,baixa_confianca_nivel,0.33,0.94,False,,,False,
extra-duplo-2-diplomatic-2-society-1,extra,duplo,1088,society,JEV,True,True,-1.0,True,-1.0,jev_ordinal,direcional,False,,0.84,0.96,True,True,True,True,0.0
extra-duplo-2-diplomatic-2-society-1,extra,duplo,1088,economic,cascata,False,False,,True,0.0,jev_ordinal,sem_posicao,False,,0.84,0.74,False,,,False,
extra-duplo-2-diplomatic-2-society-1,extra,duplo,1088,diplomatic,cascata,True,True,-2.0,True,-2.0,jev_ordinal,direcional,False,,1.0,1.0,True,True,True,True,0.0
extra-duplo-2-diplomatic-2-society-1,extra,duplo,1088,state,cascata,False,False,,True,-2.0,llm_ordinal,direcional,True,baixa_confianca_nivel,0.33,0.94,False,,,False,
extra-duplo-2-diplomatic-2-society-1,extra,duplo,1088,society,cascata,True,True,-1.0,True,-1.0,jev_ordinal,direcional,False,,0.84,0.96,True,True,True,True,0.0
extra-duplo-3-diplomatic+1-state+2,extra,duplo,1101,economic,JEV,False,False,,False,,jev_ordinal,sem_evidencia,True,relevancia_ambigua,0.99,0.56,True,,,True,
extra-duplo-3-diplomatic+1-state+2,extra,duplo,1101,diplomatic,JEV,True,True,1.0,True,1.0,jev_ordinal,direcional,False,,0.84,1.0,True,True,True,True,0.0
extra-duplo-3-diplomatic+1-state+2,extra,duplo,1101,state,JEV,True,True,2.0,True,2.0,jev_ordinal,direcional,False,,1.0,1.0,True,True,True,True,0.0
extra-duplo-3-diplomatic+1-state+2,extra,duplo,1101,society,JEV,False,False,,True,2.0,jev_ordinal,direcional,False,,0.83,0.8,False,,,False,
extra-duplo-3-diplomatic+1-state+2,extra,duplo,1101,economic,cascata,False,False,,False,,llm_ordinal,sem_evidencia,True,relevancia_ambigua,0.99,0.56,True,,,True,
extra-duplo-3-diplomatic+1-state+2,extra,duplo,1101,diplomatic,cascata,True,True,1.0,True,1.0,jev_ordinal,direcional,False,,0.84,1.0,True,True,True,True,0.0
extra-duplo-3-diplomatic+1-state+2,extra,duplo,1101,state,cascata,True,True,2.0,True,2.0,jev_ordinal,direcional,False,,1.0,1.0,True,True,True,True,0.0
extra-duplo-3-diplomatic+1-state+2,extra,duplo,1101,society,cascata,False,False,,True,2.0,jev_ordinal,direcional,False,,0.83,0.8,False,,,False,
extra-duplo-4-state-1-society-2,extra,duplo,1085,economic,JEV,False,False,,False,,jev_ordinal,sem_evidencia,False,,0.99,0.76,True,,,True,
extra-duplo-4-state-1-society-2,extra,duplo,1085,diplomatic,JEV,False,False,,False,,jev_ordinal,sem_evidencia,False,,0.97,1.0,True,,,True,
extra-duplo-4-state-1-society-2,extra,duplo,1085,state,JEV,True,True,-1.0,True,-2.0,jev_ordinal,direcional,False,,0.67,1.0,True,True,False,True,1.0
extra-duplo-4-state-1-society-2,extra,duplo,1085,society,JEV,True,True,-2.0,True,-2.0,jev_ordinal,direcional,False,,0.99,1.0,True,True,True,True,0.0
extra-duplo-4-state-1-society-2,extra,duplo,1085,economic,cascata,False,False,,False,,jev_ordinal,sem_evidencia,False,,0.99,0.76,True,,,True,
extra-duplo-4-state-1-society-2,extra,duplo,1085,diplomatic,cascata,False,False,,False,,jev_ordinal,sem_evidencia,False,,0.97,1.0,True,,,True,
extra-duplo-4-state-1-society-2,extra,duplo,1085,state,cascata,True,True,-1.0,True,-2.0,jev_ordinal,direcional,False,,0.67,1.0,True,True,False,True,1.0
extra-duplo-4-state-1-society-2,extra,duplo,1085,society,cascata,True,True,-2.0,True,-2.0,jev_ordinal,direcional,False,,0.99,1.0,True,True,True,True,0.0
extra-duplo-5-economic+1-diplomatic-1,extra,duplo,1095,economic,JEV,True,True,1.0,True,1.0,jev_ordinal,direcional,False,,0.85,1.0,True,True,True,True,0.0
extra-duplo-5-economic+1-diplomatic-1,extra,duplo,1095,diplomatic,JEV,True,True,-1.0,True,-1.0,jev_ordinal,direcional,False,,0.91,1.0,True,True,True,True,0.0
extra-duplo-5-economic+1-diplomatic-1,extra,duplo,1095,state,JEV,False,False,,True,0.0,jev_ordinal,sem_posicao,True,relevancia_ambigua,0.65,0.12000000000000005,False,,,False,
extra-duplo-5-economic+1-diplomatic-1,extra,duplo,1095,society,JEV,False,False,,False,,jev_ordinal,sem_evidencia,True,relevancia_ambigua,0.95,0.19999999999999996,True,,,True,
extra-duplo-5-economic+1-diplomatic-1,extra,duplo,1095,economic,cascata,True,True,1.0,True,1.0,jev_ordinal,direcional,False,,0.85,1.0,True,True,True,True,0.0
extra-duplo-5-economic+1-diplomatic-1,extra,duplo,1095,diplomatic,cascata,True,True,-1.0,True,-1.0,jev_ordinal,direcional,False,,0.91,1.0,True,True,True,True,0.0
extra-duplo-5-economic+1-diplomatic-1,extra,duplo,1095,state,cascata,False,False,,True,-1.0,llm_ordinal,direcional,True,relevancia_ambigua,0.65,0.12000000000000005,False,,,False,
extra-duplo-5-economic+1-diplomatic-1,extra,duplo,1095,society,cascata,False,False,,False,,llm_ordinal,sem_evidencia,True,relevancia_ambigua,0.95,0.19999999999999996,True,,,True,
extra-duplo-6-state+1-economic-2,extra,duplo,1135,economic,JEV,True,True,-2.0,True,-2.0,jev_ordinal,direcional,False,,0.98,1.0,True,True,True,True,0.0
extra-duplo-6-state+1-economic-2,extra,duplo,1135,diplomatic,JEV,False,False,,False,,jev_ordinal,sem_evidencia,False,,0.98,1.0,True,,,True,
extra-duplo-6-state+1-economic-2,extra,duplo,1135,state,JEV,True,True,1.0,True,1.0,jev_ordinal,direcional,False,,0.6,1.0,True,True,True,True,0.0
extra-duplo-6-state+1-economic-2,extra,duplo,1135,society,JEV,False,False,,True,2.0,jev_ordinal,direcional,True,relevancia_ambigua; baixa_confianca_nivel,0.29,0.39999999999999997,False,,,False,
extra-duplo-6-state+1-economic-2,extra,duplo,1135,economic,cascata,True,True,-2.0,True,-2.0,jev_ordinal,direcional,False,,0.98,1.0,True,True,True,True,0.0
extra-duplo-6-state+1-economic-2,extra,duplo,1135,diplomatic,cascata,False,False,,False,,jev_ordinal,sem_evidencia,False,,0.98,1.0,True,,,True,
extra-duplo-6-state+1-economic-2,extra,duplo,1135,state,cascata,True,True,1.0,True,1.0,jev_ordinal,direcional,False,,0.6,1.0,True,True,True,True,0.0
extra-duplo-6-state+1-economic-2,extra,duplo,1135,society,cascata,False,False,,False,,llm_ordinal,sem_evidencia,True,relevancia_ambigua; baixa_confianca_nivel,0.29,0.39999999999999997,True,,,True,
extra-duplo-7-society+2-diplomatic+2,extra,duplo,1101,economic,JEV,False,False,,False,,jev_ordinal,sem_evidencia,True,relevancia_ambigua,0.98,0.06000000000000005,True,,,True,
extra-duplo-7-society+2-diplomatic+2,extra,duplo,1101,diplomatic,JEV,True,True,2.0,True,2.0,jev_ordinal,direcional,False,,1.0,1.0,True,True,True,True,0.0
extra-duplo-7-society+2-diplomatic+2,extra,duplo,1101,state,JEV,False,False,,True,2.0,jev_ordinal,direcional,True,baixa_confianca_nivel,0.3,1.0,False,,,False,
extra-duplo-7-society+2-diplomatic+2,extra,duplo,1101,society,JEV,True,True,2.0,True,2.0,jev_ordinal,direcional,False,,1.0,1.0,True,True,True,True,0.0
extra-duplo-7-society+2-diplomatic+2,extra,duplo,1101,economic,cascata,False,False,,False,,llm_ordinal,sem_evidencia,True,relevancia_ambigua,0.98,0.06000000000000005,True,,,True,
extra-duplo-7-society+2-diplomatic+2,extra,duplo,1101,diplomatic,cascata,True,True,2.0,True,2.0,jev_ordinal,direcional,False,,1.0,1.0,True,True,True,True,0.0
extra-duplo-7-society+2-diplomatic+2,extra,duplo,1101,state,cascata,False,False,,True,1.0,llm_ordinal,direcional,True,baixa_confianca_nivel,0.3,1.0,False,,,False,
extra-duplo-7-society+2-diplomatic+2,extra,duplo,1101,society,cascata,True,True,2.0,True,2.0,jev_ordinal,direcional,False,,1.0,1.0,True,True,True,True,0.0
extra-misto-economic,extra,misto,1101,economic,JEV,True,True,0.0,True,-1.0,jev_ordinal,direcional,False,,0.53,1.0,True,False,False,False,1.0
extra-misto-economic,extra,misto,1101,diplomatic,JEV,False,False,,False,,jev_ordinal,sem_evidencia,False,,1.0,1.0,True,,,True,
extra-misto-economic,extra,misto,1101,state,JEV,False,False,,False,,jev_ordinal,sem_evidencia,False,,0.89,0.8,True,,,True,
extra-misto-economic,extra,misto,1101,society,JEV,False,False,,False,,jev_ordinal,sem_evidencia,True,relevancia_ambigua,0.9,0.13999999999999996,True,,,True,
extra-misto-economic,extra,misto,1101,economic,cascata,True,True,0.0,True,-1.0,jev_ordinal,direcional,False,,0.53,1.0,True,False,False,False,1.0
extra-misto-economic,extra,misto,1101,diplomatic,cascata,False,False,,False,,jev_ordinal,sem_evidencia,False,,1.0,1.0,True,,,True,
extra-misto-economic,extra,misto,1101,state,cascata,False,False,,False,,jev_ordinal,sem_evidencia,False,,0.89,0.8,True,,,True,
extra-misto-economic,extra,misto,1101,society,cascata,False,False,,False,,llm_ordinal,sem_evidencia,True,relevancia_ambigua,0.9,0.13999999999999996,True,,,True,
extra-misto-diplomatic,extra,misto,1089,economic,JEV,False,False,,True,0.0,jev_ordinal,sem_posicao,True,relevancia_ambigua,0.96,0.12000000000000005,False,,,False,
extra-misto-diplomatic,extra,misto,1089,diplomatic,JEV,True,True,0.0,True,-1.0,jev_ordinal,direcional,False,,0.51,1.0,True,False,False,False,1.0
extra-misto-diplomatic,extra,misto,1089,state,JEV,False,False,,True,-1.0,jev_ordinal,direcional,True,relevancia_ambigua; baixa_confianca_nivel,0.48,0.54,False,,,False,
extra-misto-diplomatic,extra,misto,1089,society,JEV,False,False,,False,,jev_ordinal,sem_evidencia,True,relevancia_ambigua,0.87,0.37999999999999995,True,,,True,
extra-misto-diplomatic,extra,misto,1089,economic,cascata,False,False,,True,1.0,llm_ordinal,direcional,True,relevancia_ambigua,0.96,0.12000000000000005,False,,,False,
extra-misto-diplomatic,extra,misto,1089,diplomatic,cascata,True,True,0.0,True,-1.0,jev_ordinal,direcional,False,,0.51,1.0,True,False,False,False,1.0
extra-misto-diplomatic,extra,misto,1089,state,cascata,False,False,,True,1.0,llm_ordinal,direcional,True,relevancia_ambigua; baixa_confianca_nivel,0.48,0.54,False,,,False,
extra-misto-diplomatic,extra,misto,1089,society,cascata,False,False,,False,,llm_ordinal,sem_evidencia,True,relevancia_ambigua,0.87,0.37999999999999995,True,,,True,
extra-misto-state,extra,misto,1087,economic,JEV,False,False,,False,,jev_ordinal,sem_evidencia,False,,1.0,1.0,True,,,True,
extra-misto-state,extra,misto,1087,diplomatic,JEV,False,False,,False,,jev_ordinal,sem_evidencia,False,,0.99,1.0,True,,,True,
extra-misto-state,extra,misto,1087,state,JEV,True,True,0.0,True,-1.0,jev_ordinal,direcional,False,,0.53,1.0,True,False,False,False,1.0
extra-misto-state,extra,misto,1087,society,JEV,False,False,,True,0.0,jev_ordinal,sem_posicao,True,relevancia_ambigua,0.61,0.15999999999999998,False,,,False,
extra-misto-state,extra,misto,1087,economic,cascata,False,False,,False,,jev_ordinal,sem_evidencia,False,,1.0,1.0,True,,,True,
extra-misto-state,extra,misto,1087,diplomatic,cascata,False,False,,False,,jev_ordinal,sem_evidencia,False,,0.99,1.0,True,,,True,
extra-misto-state,extra,misto,1087,state,cascata,True,True,0.0,True,-1.0,jev_ordinal,direcional,False,,0.53,1.0,True,False,False,False,1.0
extra-misto-state,extra,misto,1087,society,cascata,False,False,,False,,llm_ordinal,sem_evidencia,True,relevancia_ambigua,0.61,0.15999999999999998,True,,,True,
extra-misto-society,extra,misto,1069,economic,JEV,False,False,,False,,jev_ordinal,sem_evidencia,True,relevancia_ambigua,0.67,0.6000000000000001,True,,,True,
extra-misto-society,extra,misto,1069,diplomatic,JEV,False,False,,False,,jev_ordinal,sem_evidencia,False,,0.99,1.0,True,,,True,
extra-misto-society,extra,misto,1069,state,JEV,False,False,,True,1.0,jev_ordinal,direcional,False,,0.88,0.96,False,,,False,
extra-misto-society,extra,misto,1069,society,JEV,True,True,0.0,True,1.0,jev_ordinal,direcional,False,,0.82,1.0,True,False,False,False,1.0
extra-misto-society,extra,misto,1069,economic,cascata,False,False,,False,,llm_ordinal,sem_evidencia,True,relevancia_ambigua,0.67,0.6000000000000001,True,,,True,
extra-misto-society,extra,misto,1069,diplomatic,cascata,False,False,,False,,jev_ordinal,sem_evidencia,False,,0.99,1.0,True,,,True,
extra-misto-society,extra,misto,1069,state,cascata,False,False,,True,1.0,jev_ordinal,direcional,False,,0.88,0.96,False,,,False,
extra-misto-society,extra,misto,1069,society,cascata,True,True,0.0,True,1.0,jev_ordinal,direcional,False,,0.82,1.0,True,False,False,False,1.0
extra-nenhum-0,extra,nenhum,1034,economic,JEV,False,False,,False,,jev_ordinal,sem_evidencia,False,,1.0,1.0,True,,,True,
extra-nenhum-0,extra,nenhum,1034,diplomatic,JEV,False,False,,False,,jev_ordinal,sem_evidencia,False,,1.0,1.0,True,,,True,
extra-nenhum-0,extra,nenhum,1034,state,JEV,False,False,,False,,jev_ordinal,sem_evidencia,False,,1.0,1.0,True,,,True,
extra-nenhum-0,extra,nenhum,1034,society,JEV,False,False,,False,,jev_ordinal,sem_evidencia,False,,1.0,1.0,True,,,True,
extra-nenhum-0,extra,nenhum,1034,economic,cascata,False,False,,False,,jev_ordinal,sem_evidencia,False,,1.0,1.0,True,,,True,
extra-nenhum-0,extra,nenhum,1034,diplomatic,cascata,False,False,,False,,jev_ordinal,sem_evidencia,False,,1.0,1.0,True,,,True,
extra-nenhum-0,extra,nenhum,1034,state,cascata,False,False,,False,,jev_ordinal,sem_evidencia,False,,1.0,1.0,True,,,True,
extra-nenhum-0,extra,nenhum,1034,society,cascata,False,False,,False,,jev_ordinal,sem_evidencia,False,,1.0,1.0,True,,,True,
extra-nenhum-1,extra,nenhum,1034,economic,JEV,False,False,,False,,jev_ordinal,sem_evidencia,False,,1.0,1.0,True,,,True,
extra-nenhum-1,extra,nenhum,1034,diplomatic,JEV,False,False,,False,,jev_ordinal,sem_evidencia,False,,1.0,1.0,True,,,True,
extra-nenhum-1,extra,nenhum,1034,state,JEV,False,False,,False,,jev_ordinal,sem_evidencia,False,,1.0,1.0,True,,,True,
extra-nenhum-1,extra,nenhum,1034,society,JEV,False,False,,False,,jev_ordinal,sem_evidencia,False,,1.0,1.0,True,,,True,
extra-nenhum-1,extra,nenhum,1034,economic,cascata,False,False,,False,,jev_ordinal,sem_evidencia,False,,1.0,1.0,True,,,True,
extra-nenhum-1,extra,nenhum,1034,diplomatic,cascata,False,False,,False,,jev_ordinal,sem_evidencia,False,,1.0,1.0,True,,,True,
extra-nenhum-1,extra,nenhum,1034,state,cascata,False,False,,False,,jev_ordinal,sem_evidencia,False,,1.0,1.0,True,,,True,
extra-nenhum-1,extra,nenhum,1034,society,cascata,False,False,,False,,jev_ordinal,sem_evidencia,False,,1.0,1.0,True,,,True,
extra-nenhum-2,extra,nenhum,1034,economic,JEV,False,False,,False,,jev_ordinal,sem_evidencia,False,,1.0,1.0,True,,,True,
extra-nenhum-2,extra,nenhum,1034,diplomatic,JEV,False,False,,False,,jev_ordinal,sem_evidencia,False,,1.0,1.0,True,,,True,
extra-nenhum-2,extra,nenhum,1034,state,JEV,False,False,,False,,jev_ordinal,sem_evidencia,False,,1.0,1.0,True,,,True,
extra-nenhum-2,extra,nenhum,1034,society,JEV,False,False,,False,,jev_ordinal,sem_evidencia,False,,1.0,1.0,True,,,True,
extra-nenhum-2,extra,nenhum,1034,economic,cascata,False,False,,False,,jev_ordinal,sem_evidencia,False,,1.0,1.0,True,,,True,
extra-nenhum-2,extra,nenhum,1034,diplomatic,cascata,False,False,,False,,jev_ordinal,sem_evidencia,False,,1.0,1.0,True,,,True,
extra-nenhum-2,extra,nenhum,1034,state,cascata,False,False,,False,,jev_ordinal,sem_evidencia,False,,1.0,1.0,True,,,True,
extra-nenhum-2,extra,nenhum,1034,society,cascata,False,False,,False,,jev_ordinal,sem_evidencia,False,,1.0,1.0,True,,,True,
extra-nenhum-3,extra,nenhum,1034,economic,JEV,False,False,,False,,jev_ordinal,sem_evidencia,False,,1.0,1.0,True,,,True,
extra-nenhum-3,extra,nenhum,1034,diplomatic,JEV,False,False,,False,,jev_ordinal,sem_evidencia,False,,1.0,1.0,True,,,True,
extra-nenhum-3,extra,nenhum,1034,state,JEV,False,False,,False,,jev_ordinal,sem_evidencia,False,,1.0,1.0,True,,,True,
extra-nenhum-3,extra,nenhum,1034,society,JEV,False,False,,False,,jev_ordinal,sem_evidencia,False,,1.0,1.0,True,,,True,
extra-nenhum-3,extra,nenhum,1034,economic,cascata,False,False,,False,,jev_ordinal,sem_evidencia,False,,1.0,1.0,True,,,True,
extra-nenhum-3,extra,nenhum,1034,diplomatic,cascata,False,False,,False,,jev_ordinal,sem_evidencia,False,,1.0,1.0,True,,,True,
extra-nenhum-3,extra,nenhum,1034,state,cascata,False,False,,False,,jev_ordinal,sem_evidencia,False,,1.0,1.0,True,,,True,
extra-nenhum-3,extra,nenhum,1034,society,cascata,False,False,,False,,jev_ordinal,sem_evidencia,False,,1.0,1.0,True,,,True,
